subject,deck,topic,front,back
Cardiovascular System (CVS),Part-1: Action Potential & Pacemaker Physiology,Pacemaker vs Myocyte AP,What phases are present in the pacemaker action potential?,Phases 4-0-3 only; there is no true resting potential; pacemaker cells generate their own rhythm.
Cardiovascular System (CVS),Part-1: Action Potential & Pacemaker Physiology,Pacemaker vs Myocyte AP,"What phases are present in the myocyte (ventricular) action potential, and what does it correspond to on ECG?",Phases 0-1-2-3-4; it corresponds to the QT interval; phase 4 is the true resting membrane potential.
Cardiovascular System (CVS),Part-1: Action Potential & Pacemaker Physiology,Pacemaker AP,What ion current and channel type produces phase 0 of the pacemaker action potential?,"Ca2+ influx through L-type (long-lasting) calcium channels, which are blocked by calcium channel blockers."
Cardiovascular System (CVS),Part-1: Action Potential & Pacemaker Physiology,Pacemaker AP,What produces phase 3 of the pacemaker action potential?,K+ efflux.
Cardiovascular System (CVS),Part-1: Action Potential & Pacemaker Physiology,Pacemaker AP,What produces phase 4 of the pacemaker action potential?,"A mixed Na+ and K+ 'funny current', plus Ca2+ influx through T-type (transient) calcium channels."
Cardiovascular System (CVS),Part-1: Action Potential & Pacemaker Physiology,Myocyte AP,What produces phase 0 of the myocyte action potential?,Na+ influx.
Cardiovascular System (CVS),Part-1: Action Potential & Pacemaker Physiology,Myocyte AP,What produces phase 1 of the myocyte action potential?,K+ efflux.
Cardiovascular System (CVS),Part-1: Action Potential & Pacemaker Physiology,Myocyte AP,What produces phase 2 (plateau) of the myocyte action potential?,Ca2+ influx balanced by K+ efflux (mnemonic: 'plateau two').
Cardiovascular System (CVS),Part-1: Action Potential & Pacemaker Physiology,Myocyte AP,What produces phase 3 of the myocyte action potential?,K+ efflux.
Cardiovascular System (CVS),Part-1: Action Potential & Pacemaker Physiology,Myocyte AP,What produces phase 4 (resting membrane potential) of the myocyte action potential?,Leaky K+ channels; resting membrane potential is about -85 mV.
Cardiovascular System (CVS),Part-1: Action Potential & Pacemaker Physiology,Myocyte AP,"In cardiac myocyte ion movement, what is the simple rule to remember?",K+ always goes out of the cell; Na+ and Ca2+ always come into the cell.
Cardiovascular System (CVS),Part-1: Action Potential & Pacemaker Physiology,Refractory Period,What is the effective refractory period (ERP)?,"The period during which a new propagated action potential cannot be generated, even if a strong stimulus is applied."
Cardiovascular System (CVS),Part-1: Action Potential & Pacemaker Physiology,Refractory Period,Why is the effective refractory period of cardiac muscle long?,It is long in order to prevent tetanization of the heart.
Cardiovascular System (CVS),Part-1: Action Potential & Pacemaker Physiology,Conduction Speed,Rank the speed of electrical conduction through cardiac tissue from fastest to slowest.,His-Purkinje fibers > Atria > Ventricles > AV node (AVN is slowest).
Cardiovascular System (CVS),Part-1: Action Potential & Pacemaker Physiology,Conduction Speed,"Why is the AV node the slowest conducting tissue, and what is this delay responsible for?",It has the least number of gap junctions; this is responsible for the AV nodal delay.
Cardiovascular System (CVS),Part-1: Action Potential & Pacemaker Physiology,Funny Current,"At what membrane potential does the funny current activate, and what does it initiate?","It activates near -60 mV and initiates phase 4 spontaneous depolarization, which is responsible for cardiac automaticity."
Cardiovascular System (CVS),Part-1: Action Potential & Pacemaker Physiology,Funny Current,What channels carry the funny current and what ions do they conduct?,"HCN channels (Hyperpolarization-activated Cyclic Nucleotide-gated channels), carrying a mixed inward current of Na+ and K+."
Cardiovascular System (CVS),Part-1: Action Potential & Pacemaker Physiology,Funny Current,Why is the funny current called 'funny'?,"Unlike most channels, it opens on hyperpolarization rather than depolarization."
Cardiovascular System (CVS),Part-1: Action Potential & Pacemaker Physiology,Drugs on Pacemaker AP,What is the 'ABCD' mnemonic for drugs that act on the pacemaker action potential for rate control?,"A = Acetylcholine, B = Beta blockers, C = Calcium channel blockers (non-DHP: Verapamil, Diltiazem), D = Digoxin."
Cardiovascular System (CVS),Part-1: Action Potential & Pacemaker Physiology,Drugs on Pacemaker AP,How does Acetylcholine affect the pacemaker action potential?,"It blocks the funny current, reducing firing of the SA and AV nodes."
Cardiovascular System (CVS),Part-1: Action Potential & Pacemaker Physiology,Drugs on Pacemaker AP,"How do Catecholamines affect the funny current, in contrast to Acetylcholine?","Catecholamines increase funny currents, causing increased firing of the SA and AV nodes."
Cardiovascular System (CVS),Part-1: Action Potential & Pacemaker Physiology,Drugs on Pacemaker AP,How do Beta blockers act on the pacemaker action potential?,They block the funny current and L-type calcium channels.
Cardiovascular System (CVS),Part-1: Action Potential & Pacemaker Physiology,Drugs on Pacemaker AP,"How do non-DHP calcium channel blockers (Verapamil, Diltiazem) act on the pacemaker action potential?",They block L-type calcium channels.
Cardiovascular System (CVS),Part-1: Action Potential & Pacemaker Physiology,Drugs on Pacemaker AP,How does Digoxin act on the pacemaker action potential?,It reduces SA nodal firing via vagal stimulation; it also has a positive inotropic effect.
Cardiovascular System (CVS),Part-1: Action Potential & Pacemaker Physiology,Drugs on Pacemaker AP,"What is the overall effect of the ABCD drugs (Acetylcholine, Beta blockers, CCBs, Digoxin) on heart rhythm, and in which syndrome are they contraindicated?",They lower heart rate and prolong the PR interval; they are contraindicated in WPW syndrome.
Cardiovascular System (CVS),Part-1: Action Potential & Pacemaker Physiology,Drugs on Pacemaker AP,"Which additional drug blocks the funny current and lowers heart rate, distinct from the ABCD drugs?",Ivabradine.
Cardiovascular System (CVS),Part-1: Action Potential & Pacemaker Physiology,Depolarization/Repolarization,"In what direction does cardiac depolarization spread, and in what direction does repolarization spread?",Depolarization spreads from Endocardium to Epicardium; repolarization spreads from Epicardium to Endocardium. Both electrical vectors point in roughly the same direction.
Cardiovascular System (CVS),Part-2: Antiarrhythmic Drugs (Vaughan-Williams),Class 1 Overview,"What is the mechanism of Class 1 antiarrhythmics, and in what electrolyte condition must they be avoided?",They block Na+ channels; they must be avoided in hyperkalemia.
Cardiovascular System (CVS),Part-2: Antiarrhythmic Drugs (Vaughan-Williams),Class 1A,"Which drugs belong to Class 1A, what is their mechanism on K+ channels, and what is the mnemonic?","Quinidine, Procainamide, Disopyramide; they are K+ channel blockers; mnemonic: 'Queen proclaimed Diso's pyramid'."
Cardiovascular System (CVS),Part-2: Antiarrhythmic Drugs (Vaughan-Williams),Class 1A,What effect does Class 1A have on the QT interval and action potential duration (APD)?,QT prolongation; APD increases.
Cardiovascular System (CVS),Part-2: Antiarrhythmic Drugs (Vaughan-Williams),Class 1B,"Which drugs belong to Class 1B, what is their mechanism on K+ channels, and what is their effect on QT/APD?","Lignocaine, Phenytoin; they are K+ channel openers; they shorten the QT interval and decrease APD."
Cardiovascular System (CVS),Part-2: Antiarrhythmic Drugs (Vaughan-Williams),Class 1B,Class 1B drugs are the drug of choice (DOC) for which two arrhythmia types?,Ischemic arrhythmias and digitalis-induced arrhythmias.
Cardiovascular System (CVS),Part-2: Antiarrhythmic Drugs (Vaughan-Williams),Class 1C,"Which drugs belong to Class 1C, and what is their action on K+ channels?","Propafenone, Flecainide; they have no action on K+ channels (QT unchanged)."
Cardiovascular System (CVS),Part-2: Antiarrhythmic Drugs (Vaughan-Williams),Class 1C,In which two conditions are Class 1C drugs contraindicated?,Ischemic arrhythmias and digitalis-induced arrhythmias.
Cardiovascular System (CVS),Part-2: Antiarrhythmic Drugs (Vaughan-Williams),Class 2,What is the mechanism and effect of Class 2 antiarrhythmics (Beta blockers)?,"They slow down phase 4 of the pacemaker action potential by blocking sympathetic stimulation, and reduce myocardial oxygen demand."
Cardiovascular System (CVS),Part-2: Antiarrhythmic Drugs (Vaughan-Williams),Class 3,"Which drugs belong to Class 3, what is their mechanism, and in what electrolyte condition must they be avoided?","Amiodarone, Ibutilide, Dofetilide, Sotalol (mnemonic 'A.I.D.S'); they block K+ channels; must be avoided in hypokalemia. They cause QT prolongation with increased APD and QT."
Cardiovascular System (CVS),Part-2: Antiarrhythmic Drugs (Vaughan-Williams),Amiodarone Side Effects,"What percentage of Amiodarone's structure is iodine, and what is notable about its half-life?",40% iodine; it has the longest half-life (T half) of the antiarrhythmics.
Cardiovascular System (CVS),Part-2: Antiarrhythmic Drugs (Vaughan-Williams),Amiodarone Side Effects,"What is the mnemonic 'Please Check LFT/PFT/TFT' for monitoring Amiodarone toxicity, and what does each check for?","'Please' = Pigmentation (ceruloderma/'blue man'), Peripheral neuropathy, Photosensitivity, and Corneal deposits; 'Check LFT' = Hepatotoxicity; 'PFT' = Pulmonary fibrosis; 'TFT' = Thyrotoxic effects (can cause hypo- or hyperthyroidism)."
Cardiovascular System (CVS),Part-2: Antiarrhythmic Drugs (Vaughan-Williams),Class 4,"What is the mechanism of Class 4 antiarrhythmics, and how do non-DHP vs DHP calcium channel blockers differ in use?","They block Ca2+ channels. Non-DHPs (Verapamil, Diltiazem) slow heart rate and force of contraction (used as antiarrhythmics); DHPs (e.g., Amlodipine) are used as antihypertensives instead."
Cardiovascular System (CVS),Part-2: Antiarrhythmic Drugs (Vaughan-Williams),Class 5 - Adenosine,"Adenosine is the DOC for which arrhythmia, and what is the adult dosing regimen?","DOC for stable PSVT (given as a fast IV bolus); adult dose is 6 mg - 12 mg - 12 mg, with a maximum dose of 30 mg/day (per updated coreBTR reference)."
Cardiovascular System (CVS),Part-2: Antiarrhythmic Drugs (Vaughan-Williams),Class 5 - Adenosine,"What is the pediatric dose of Adenosine, and what two substances inhibit its action?",Pediatric dose is 0.1 mg/kg; Adenosine's action is inhibited by Caffeine and Theophylline.
Cardiovascular System (CVS),Part-2: Antiarrhythmic Drugs (Vaughan-Williams),Class 5 - Adenosine,"In a patient on Theophylline or Caffeine, how should the starting dose of Adenosine be adjusted (per BTR 2.0 handwritten notes)?","Start at 12 mg (a higher initial dose), instead of the usual 6 mg starting dose, since Theophylline/Caffeine inhibit Adenosine's action."
Cardiovascular System (CVS),Part-2: Antiarrhythmic Drugs (Vaughan-Williams),Class 5 - Adenosine,What is the management for an unstable SVT?,Synchronized DC cardioversion.
Cardiovascular System (CVS),Part-2: Antiarrhythmic Drugs (Vaughan-Williams),Class 1 Subtype ECG Effects,"On the action potential slope-of-phase-0 diagrams, how do Class 1A, 1B, and 1C differ in effect on QT interval?",Class 1A: QT prolongation (increased APD/QT); Class 1B: QT shortening (decreased APD/QT); Class 1C: QT unchanged.
Cardiovascular System (CVS),"Part-3: ECG Basics (Intervals, Heart Rate, Axis Deviation)",Heart Rate Calculation,How is heart rate estimated from the number of large squares between QRS complexes on ECG?,Heart rate = 300 divided by the number of large squares between two consecutive R waves.
Cardiovascular System (CVS),"Part-3: ECG Basics (Intervals, Heart Rate, Axis Deviation)",Heart Rate Calculation,"Using the large-square method, what cutoffs indicate tachycardia and bradycardia?",Fewer than 3 large squares = tachycardia; more than 5 large squares = bradycardia (normal range corresponds to 60-100 bpm).
Cardiovascular System (CVS),"Part-3: ECG Basics (Intervals, Heart Rate, Axis Deviation)",Normal Intervals,"What are the normal durations of the PR interval, QRS complex, and QT interval (the '2-1-4' rule)?",PR interval = 0.2 seconds; QRS = 0.1 seconds; QT = 0.4 seconds.
Cardiovascular System (CVS),"Part-3: ECG Basics (Intervals, Heart Rate, Axis Deviation)",Corrected QT,"What formula is used to calculate the corrected QT interval (QTc), and what is it called?",Bazett's formula: QTc = QT / square root of the RR interval.
Cardiovascular System (CVS),"Part-3: ECG Basics (Intervals, Heart Rate, Axis Deviation)",Corrected QT,What QTc value is considered prolonged?,QTc greater than 440 ms is considered prolonged.
Cardiovascular System (CVS),"Part-3: ECG Basics (Intervals, Heart Rate, Axis Deviation)",P Wave Abnormalities,"What does a tall, peaked P wave indicate, and what is it called?",'P pulmonale' - indicates right atrial hypertrophy.
Cardiovascular System (CVS),"Part-3: ECG Basics (Intervals, Heart Rate, Axis Deviation)",P Wave Abnormalities,"What does a bifid (notched) P wave indicate, and what is it called?",'P mitrale' - indicates left atrial hypertrophy.
Cardiovascular System (CVS),"Part-3: ECG Basics (Intervals, Heart Rate, Axis Deviation)",P Wave Abnormalities,What are 'Himalayan P waves' and in which condition are they seen?,"Very tall, peaked P waves seen in Ebstein's anomaly."
Cardiovascular System (CVS),"Part-3: ECG Basics (Intervals, Heart Rate, Axis Deviation)",P Wave Abnormalities,What is 'Pseudo-P-pulmonale' and with which electrolyte abnormality is it seen?,P waves that mimic P pulmonale but are seen with hypokalemia rather than true right atrial hypertrophy.
Cardiovascular System (CVS),"Part-3: ECG Basics (Intervals, Heart Rate, Axis Deviation)",Axis Deviation,What is the quick method ('check 1 foot') to assess cardiac axis deviation on ECG?,"Check Lead I and aVF: if both are positive, axis is normal."
Cardiovascular System (CVS),"Part-3: ECG Basics (Intervals, Heart Rate, Axis Deviation)",Axis Deviation,What does Lead I positive with aVF negative indicate?,Left axis deviation (LAD).
Cardiovascular System (CVS),"Part-3: ECG Basics (Intervals, Heart Rate, Axis Deviation)",Axis Deviation,What does Lead I negative with aVF positive indicate?,Right axis deviation (RAD).
Cardiovascular System (CVS),"Part-3: ECG Basics (Intervals, Heart Rate, Axis Deviation)",Axis Deviation,What does it mean if both Lead I and aVF are negative?,Extreme axis deviation.
Cardiovascular System (CVS),"Part-3: ECG Basics (Intervals, Heart Rate, Axis Deviation)",Axis Deviation,"What is the most common cause (MCC) of left axis deviation (LAD), and what other conditions can cause it?",MCC is left anterior fascicular block; also seen in LVH and inferior MI.
Cardiovascular System (CVS),"Part-3: ECG Basics (Intervals, Heart Rate, Axis Deviation)",Axis Deviation,"What is the most common cause (MCC) of right axis deviation (RAD), and in what condition is it commonly seen?","MCC is right ventricular hypertrophy; commonly seen in lung disease (COPD, pulmonary hypertension)."
Cardiovascular System (CVS),"Part-4: ECG Special Waves, Bundle Branch Blocks, LVH/RVH",J Point Waves,What is an Osborn wave and in which condition is it seen?,A wave at the J point seen with hypothermia.
Cardiovascular System (CVS),"Part-4: ECG Special Waves, Bundle Branch Blocks, LVH/RVH",J Point Waves,What is an Epsilon wave and in which condition is it seen?,A wave at the J point (best seen in V1) seen with Arrhythmogenic Right Ventricular Dysplasia (ARVD).
Cardiovascular System (CVS),"Part-4: ECG Special Waves, Bundle Branch Blocks, LVH/RVH",Delta Wave / WPW,What is the Delta wave and what abnormal pathway causes it?,"A slurred upstroke at the start of the QRS seen in WPW syndrome, caused by an abnormal accessory pathway called the Bundle of Kent."
Cardiovascular System (CVS),"Part-4: ECG Special Waves, Bundle Branch Blocks, LVH/RVH",Delta Wave / WPW,What are the characteristic ECG changes of WPW syndrome (PR interval and QRS)?,Reduced PR interval (due to the faster accessory pathway) and increased/widened QRS (the normal QRS is superimposed on the abnormal delta wave).
Cardiovascular System (CVS),"Part-4: ECG Special Waves, Bundle Branch Blocks, LVH/RVH",Delta Wave / WPW,"Is WPW syndrome always symptomatic, and how does its prevalence change with age?","No, the patient can be asymptomatic; prevalence decreases with age."
Cardiovascular System (CVS),"Part-4: ECG Special Waves, Bundle Branch Blocks, LVH/RVH",Delta Wave / WPW,What is the treatment of choice (TOC) and drug of choice (DOC) for WPW syndrome?,TOC: Radiofrequency ablation of the abnormal pathway; DOC: Flecainide.
Cardiovascular System (CVS),"Part-4: ECG Special Waves, Bundle Branch Blocks, LVH/RVH",Delta Wave / WPW,"What is used in an emergency for WPW syndrome, and which class of rate-lowering drugs must be avoided?",IV Procainamide is used in emergencies; rate-lowering ABCD drugs (AV node blockers) are avoided as they can be dangerous in WPW.
Cardiovascular System (CVS),"Part-4: ECG Special Waves, Bundle Branch Blocks, LVH/RVH",ARVD,What is Arrhythmogenic Right Ventricular Dysplasia (ARVD) and what is its genetic/pathologic basis?,"A familial condition with a family history of sudden cardiac death, caused by mutations in desmosomal proteins leading to fibrofatty replacement of cardiac myocytes."
Cardiovascular System (CVS),"Part-4: ECG Special Waves, Bundle Branch Blocks, LVH/RVH",ARVD,What is Naxos syndrome?,ARVD combined with woolly hair and thick palms/soles.
Cardiovascular System (CVS),"Part-4: ECG Special Waves, Bundle Branch Blocks, LVH/RVH",ARVD,What stain highlights the fibrofatty replacement in ARVD histology?,"Masson's Trichrome stain (shows collagen in blue, distinguishing it from muscle and fat)."
Cardiovascular System (CVS),"Part-4: ECG Special Waves, Bundle Branch Blocks, LVH/RVH",ARVD,What is the treatment of choice (TOC) for ARVD?,ICD (implantable cardioverter-defibrillator) placement plus Beta blockers.
Cardiovascular System (CVS),"Part-4: ECG Special Waves, Bundle Branch Blocks, LVH/RVH",Uhl's Anomaly,What is Uhl's anomaly and how does it present?,A condition presenting in infants with severe right heart failure and a 'parchment-like right ventricle' (extremely thin RV wall).
Cardiovascular System (CVS),"Part-4: ECG Special Waves, Bundle Branch Blocks, LVH/RVH",Sudden Cardiac Death,What are the major causes of sudden cardiac death in young people?,"HOCM, ARVD, Long QT syndrome, Brugada Syndrome, and Commotio cordis."
Cardiovascular System (CVS),"Part-4: ECG Special Waves, Bundle Branch Blocks, LVH/RVH",Bundle Branch Blocks,What is the mnemonic to distinguish RBBB from LBBB using V1 and V6 morphology?,"RBBB = 'MarroW' (M-shaped rSR' pattern in V1, W-shaped pattern in V6); LBBB = 'WilliaM' (W-shaped pattern in V1, M-shaped pattern in V6). Check leads V1 and V6."
Cardiovascular System (CVS),"Part-4: ECG Special Waves, Bundle Branch Blocks, LVH/RVH",Sokolow-Lyon Criteria (LVH),What is the Sokolow-Lyon criteria for diagnosing left ventricular hypertrophy (LVH) on ECG?,"S wave in V1 + R wave in V5 or V6 ≥ 3.5 mV (35 mm), or greater than 7 large boxes (1 large box = 5 mm)."
Cardiovascular System (CVS),"Part-4: ECG Special Waves, Bundle Branch Blocks, LVH/RVH",Right Ventricular Hypertrophy,What is the ECG criterion for right ventricular hypertrophy (RVH)?,R wave in V1 ≥ 7 mm.
Cardiovascular System (CVS),Part-5: Heart Blocks & Bradyarrhythmias,1st Degree Block,What are the ECG findings of 1st degree heart block?,PR interval is prolonged (>0.2 s) but remains constant beat-to-beat.
Cardiovascular System (CVS),Part-5: Heart Blocks & Bradyarrhythmias,2nd Degree Mobitz Type 1,"What are the ECG findings of 2nd degree AV block, Mobitz type 1 (Wenckebach)?",Gradually increasing PR interval until a beat is dropped (a P wave with no following QRS) - described as a 'normal breakup'.
Cardiovascular System (CVS),Part-5: Heart Blocks & Bradyarrhythmias,2nd Degree Mobitz Type 2,"What are the ECG findings of 2nd degree AV block, Mobitz type 2?",PR interval remains constant but a beat is suddenly dropped without warning - described as a 'bad/ghosted breakup'.
Cardiovascular System (CVS),Part-5: Heart Blocks & Bradyarrhythmias,3rd Degree Block,What are the ECG findings of 3rd degree (complete) heart block?,P waves and QRS complexes occur independently of each other (complete AV dissociation) - P and QRS are not related.
Cardiovascular System (CVS),Part-5: Heart Blocks & Bradyarrhythmias,3rd Degree Block,"What classic clinical syndrome is associated with complete heart block, and what does it consist of?",Stokes-Adams syndrome: syncope plus complete heart block.
Cardiovascular System (CVS),Part-5: Heart Blocks & Bradyarrhythmias,Pacemaker Indications,In which rhythm disturbances is a permanent pacemaker indicated?,"2nd degree Mobitz type 2 block, 3rd degree (complete) heart block, and Sick Sinus Syndrome."
Cardiovascular System (CVS),Part-5: Heart Blocks & Bradyarrhythmias,Sick Sinus Syndrome,What is Sick Sinus Syndrome and in whom is it typically seen?,"Bradycardia with an irregular rhythm, typically seen in the elderly."
Cardiovascular System (CVS),Part-5: Heart Blocks & Bradyarrhythmias,ACLS Bradycardia Protocol,"In the ACLS bradycardia protocol, what heart rate and clinical state trigger treatment?",Unstable/symptomatic bradycardia with heart rate less than 50/min.
Cardiovascular System (CVS),Part-5: Heart Blocks & Bradyarrhythmias,ACLS Bradycardia Protocol,What underlying causes should be treated in symptomatic bradycardia?,"Beta-blocker toxicity, MI, hyperkalemia, and hypoxia."
Cardiovascular System (CVS),Part-5: Heart Blocks & Bradyarrhythmias,ACLS Bradycardia Protocol,"What is the first-line drug (and dose) for unstable/symptomatic bradycardia, and what are the next steps if ineffective?","Atropine IV bolus is first-line - coreBTR (updated reference) specifies 1 mg IV bolus, while the BTR 2.0 handwritten notes specify 0.5 mg IV bolus (discrepancy between sources); if ineffective, proceed to Dopamine infusion, Epinephrine infusion, or transcutaneous pacing."
Cardiovascular System (CVS),"Part-6: Supraventricular Tachyarrhythmias (AF, Flutter, PSVT, MAT)",Atrial Fibrillation - ECG,What are the characteristic ECG findings of atrial fibrillation?,Irregularly irregular rhythm with absent P waves.
Cardiovascular System (CVS),"Part-6: Supraventricular Tachyarrhythmias (AF, Flutter, PSVT, MAT)",Atrial Fibrillation - Management,"How is atrial fibrillation managed based on stability, and what is preferred if complicated by acute heart failure?","Unstable: synchronized cardioversion at 200 J. Stable: rate control, with Esmolol as the DOC (Verapamil preferred in asthmatic patients). If complicated by acute heart failure: Digoxin is preferred."
Cardiovascular System (CVS),"Part-6: Supraventricular Tachyarrhythmias (AF, Flutter, PSVT, MAT)",Atrial Fibrillation - Anticoagulation Decision,"How is the decision to anticoagulate in atrial fibrillation made using the CHA2DS2-VASc score, and what are the exceptions?","Based on the CHA2DS2-VASc score: Score 0 = no anticoagulation; Score 1 = Aspirin; Score ≥2 = oral anticoagulation (DOACs preferred). EXCEPTION: in moderate-severe mitral stenosis or a prosthetic heart valve, Warfarin (not a DOAC) is the anticoagulant of choice regardless of score, monitored via INR (target 2-3, or 2.5-3.5 specifically for prosthetic valves per some sources). DOACs, unlike Warfarin, do NOT require routine coagulation monitoring."
Cardiovascular System (CVS),"Part-6: Supraventricular Tachyarrhythmias (AF, Flutter, PSVT, MAT)",CHA2DS2-VASc Score Components,List the components and point values of the CHA2DS2-VASc score.,"Congestive heart failure (1), Hypertension (1), Age ≥75 years (2), Diabetes (1), Stroke/TIA/thromboembolism (2), Vascular disease (1), Age ≥65 years (1), Sex category-female (1). Maximum score = 9."
Cardiovascular System (CVS),"Part-6: Supraventricular Tachyarrhythmias (AF, Flutter, PSVT, MAT)",Atrial Flutter - ECG,What are the characteristic ECG findings of atrial flutter?,"Regular rhythm with a sawtooth pattern of P waves (flutter waves), often with a 4:1 conduction ratio."
Cardiovascular System (CVS),"Part-6: Supraventricular Tachyarrhythmias (AF, Flutter, PSVT, MAT)",Atrial Flutter - Management,"How is atrial flutter managed based on stability, and what is the role of anticoagulation?",Unstable: cardioversion at 25-50 J. Stable: Esmolol or Ibutilide. Anticoagulation is considered as in atrial fibrillation (based on CHA2DS2-VASc score).
Cardiovascular System (CVS),"Part-6: Supraventricular Tachyarrhythmias (AF, Flutter, PSVT, MAT)",PSVT - Overview,"What are the two subtypes of PSVT (Paroxysmal Supraventricular Tachycardia), and which is more common?","AVNRT (Atrioventricular Nodal Reentrant Tachycardia) - more common, over 60% of cases; and AVRT (Atrioventricular Reentrant Tachycardia) - the mechanism seen in WPW syndrome."
Cardiovascular System (CVS),"Part-6: Supraventricular Tachyarrhythmias (AF, Flutter, PSVT, MAT)",PSVT - ECG,What are the characteristic ECG findings of PSVT?,Regular rhythm with absent P waves.
Cardiovascular System (CVS),"Part-6: Supraventricular Tachyarrhythmias (AF, Flutter, PSVT, MAT)",PSVT - Management,"How is PSVT managed based on stability, and what is the stepwise approach for stable patients?","Unstable: synchronized cardioversion. Stable: 1st line - Carotid sinus massage (a vagal maneuver); 2nd line - IV Adenosine. For rate control, Esmolol is preferred over Verapamil (Verapamil/Diltiazem preferred in asthmatics)."
Cardiovascular System (CVS),"Part-6: Supraventricular Tachyarrhythmias (AF, Flutter, PSVT, MAT)",PSVT - FROG Sign,What is the 'FROG sign' and in which arrhythmia is it seen?,"Visible pulsations in the neck during tachycardia, seen in AVNRT."
Cardiovascular System (CVS),"Part-6: Supraventricular Tachyarrhythmias (AF, Flutter, PSVT, MAT)",MAT (Multifocal Atrial Tachycardia),What are the characteristic ECG findings of Multifocal Atrial Tachycardia (MAT)?,Irregularly irregular rhythm with multifocal P waves (P waves of varying morphology).
Cardiovascular System (CVS),"Part-6: Supraventricular Tachyarrhythmias (AF, Flutter, PSVT, MAT)",MAT (Multifocal Atrial Tachycardia),"What is the DOC for rate control in MAT, and what is it most commonly associated with?","DOC is Verapamil; MAT is associated with hypoxia, most commonly due to COPD exacerbation, and also pneumonia."
Cardiovascular System (CVS),"Part-6: Supraventricular Tachyarrhythmias (AF, Flutter, PSVT, MAT)",MAT (Multifocal Atrial Tachycardia),Does cardioversion have a role in MAT?,"No, cardioversion has no role in MAT."
Cardiovascular System (CVS),Part-7: Ventricular Tachyarrhythmias,V-Fib,What are the ECG findings of ventricular fibrillation (V-fib)?,No discernible rhythm pattern.
Cardiovascular System (CVS),Part-7: Ventricular Tachyarrhythmias,V-Fib / V-Tach Management,"How is unstable V-fib/V-tach managed, and what is the treatment for stable patients?",Unstable: Defibrillation; Stable: IV Amiodarone. Lignocaine was historically used but is no longer first-line.
Cardiovascular System (CVS),Part-7: Ventricular Tachyarrhythmias,Monomorphic V-Tach,What are the ECG findings of monomorphic ventricular tachycardia?,Wide complex regular tachycardia.
Cardiovascular System (CVS),Part-7: Ventricular Tachyarrhythmias,Special Beats,What is a 'capture beat' in ventricular arrhythmias?,"A beat where the SA node briefly conducts through the AV node, producing one normal-looking QRS complex amid the wide VT complexes."
Cardiovascular System (CVS),Part-7: Ventricular Tachyarrhythmias,Special Beats,What is a 'fusion beat' in ventricular arrhythmias?,A beat where the SA nodal signal and the ventricular ectopic signal fuse together to form a partially wide QRS complex.
Cardiovascular System (CVS),Part-7: Ventricular Tachyarrhythmias,Polymorphic V-Tach / Torsades,What is polymorphic ventricular tachycardia also known as?,"Long QT syndrome, also known as Torsades de Pointes."
Cardiovascular System (CVS),Part-7: Ventricular Tachyarrhythmias,Polymorphic V-Tach / Torsades,What is the drug of choice (DOC) for Torsades de Pointes?,IV MgSO4 (Magnesium sulfate).
Cardiovascular System (CVS),Part-7: Ventricular Tachyarrhythmias,Polymorphic V-Tach / Torsades,"What are the two hereditary long QT syndromes, their inheritance pattern, and their association with hearing loss?",Romano-Ward syndrome (Autosomal Dominant) - NO sensorineural hearing loss (SNHL); Jerwell-Lange-Nelson syndrome (Autosomal Recessive) - SNHL is present.
Cardiovascular System (CVS),Part-7: Ventricular Tachyarrhythmias,Polymorphic V-Tach / Torsades,What metabolic/electrolyte abnormalities can predispose to long QT syndrome?,"Hypokalemia, Hypomagnesemia, Hypocalcemia, and Hypothermia."
Cardiovascular System (CVS),Part-7: Ventricular Tachyarrhythmias,Drugs Causing Long QT,What is the 'ABCDE' mnemonic for drug classes that can cause long QT syndrome?,"Anti-Arrhythmics (Class 1A, Class 3), Anti-Biotics/ATT/Anti-fungals (macrolides, fluoroquinolones, Bedaquiline, Pretomanid, azoles), Anti-'C'ychotics (Haloperidol, Ziprasidone, Quetiapine, Risperidone/Thioridazine), Anti-Depressants (TCA, SSRI), Anti-Emetics (5-HT3 blockers/'setrons' except Palonosetron, and Domperidone)."
Cardiovascular System (CVS),Part-7: Ventricular Tachyarrhythmias,Drugs Causing Long QT,"Besides the ABCDE classes, what other individual drugs can cause long QT syndrome?","Chloroquine and Hydroxychloroquine (HCQ), Methadone, and Protease inhibitors ('-navir' drugs)."
Cardiovascular System (CVS),Part-7: Ventricular Tachyarrhythmias,Drugs Causing Long QT,What are the 'CAT drugs' that were withdrawn due to QT prolongation risk?,"Cisapride, Astemizole, and Terfenadine."
Cardiovascular System (CVS),Part-7: Ventricular Tachyarrhythmias,Other Uses of MgSO4,"Besides Torsades de Pointes, what are the other clinical uses of MgSO4?","Eclampsia (seizure prophylaxis), fetal neuroprotection (<32 weeks POG), as a tocolytic agent, acute exacerbation of asthma, cellulitis dressing, aluminium phosphide (ALP) poisoning, and oral MgSO4 used as a laxative."
Cardiovascular System (CVS),Part-8: Digitalis Effect & Electrolyte ECG Changes,Digitalis Overview,"From which plant is Digitalis derived, and what is the active clinical drug?",Derived from foxglove (Digitalis purpurea); the active drug used clinically is Digoxin.
Cardiovascular System (CVS),Part-8: Digitalis Effect & Electrolyte ECG Changes,Digoxin MOA,What is the mechanism of action of Digoxin?,"It inhibits Na+/K+-ATPase, which increases intracellular Ca2+ (increasing cardiac contractility - the inotropic effect) and increases vagal tone (slowing AV conduction - the rate control effect)."
Cardiovascular System (CVS),Part-8: Digitalis Effect & Electrolyte ECG Changes,Digoxin Side Effects,What are the classic side effects of Digoxin?,"Hyperkalemia, cholinergic effects, and yellow vision (xanthopsia)."
Cardiovascular System (CVS),Part-8: Digitalis Effect & Electrolyte ECG Changes,Digoxin - Arrhythmias,"What is the most common arrhythmia caused by digoxin toxicity, and what is the most specific arrhythmia?",Most common: Ventricular bigeminy. Most specific: NPAT (Non-Paroxysmal Atrial Tachycardia) with AV block.
Cardiovascular System (CVS),Part-8: Digitalis Effect & Electrolyte ECG Changes,Digoxin - ECG Changes,What are the ECG changes seen with digoxin at therapeutic levels?,"Shortened QT interval, flattened T wave, scooped ST depression (called 'hockey stick sign' or 'Salvador Dali moustache sign'), and prolonged PR interval."
Cardiovascular System (CVS),Part-8: Digitalis Effect & Electrolyte ECG Changes,Digoxin Toxicity - Electrolytes,"Which electrolyte changes increase the risk of digoxin toxicity, and why?","Decreased K+, decreased Mg, and increased Ca2+ - these enhance digoxin binding to the Na+/K+ pump."
Cardiovascular System (CVS),Part-8: Digitalis Effect & Electrolyte ECG Changes,Digoxin Toxicity - Renal/Drugs,"Besides electrolyte changes, what other factors precipitate digoxin toxicity?","Renal failure (digoxin is renally excreted), and drug interactions with Verapamil, Amiodarone, Clarithromycin, Cyclosporine, and Quinidine (these increase serum digoxin levels via P-glycoprotein inhibition)."
Cardiovascular System (CVS),Part-8: Digitalis Effect & Electrolyte ECG Changes,Digoxin Toxicity Management,How is digoxin toxicity managed?,DIGIBIND (monoclonal antibody fragments); Lidocaine is used for the associated arrhythmias.
Cardiovascular System (CVS),Part-8: Digitalis Effect & Electrolyte ECG Changes,Potassium ECG Changes,How do the ECG findings of hypokalemia and hyperkalemia contrast with each other?,Hypokalemia: QT prolongation with a prominent U wave (sometimes called 'underkalemia'). Hyperkalemia: peaked T waves (progressing to more severe changes with worsening severity - see severity tiers).
Cardiovascular System (CVS),Part-8: Digitalis Effect & Electrolyte ECG Changes,Hyperkalemia Severity Tiers,"What are the ECG changes at each severity tier of hyperkalemia - mild (5.5-6.5 mEq/L), moderate (6.5-8.0 mEq/L), and severe (>8.0 mEq/L)?","Mild: Peaked T waves and prolonged PR segment. Moderate: Loss of P wave, ST-segment elevation, and ectopic beats. Severe: Sine wave pattern, ventricular fibrillation, and asystole."
Cardiovascular System (CVS),Part-8: Digitalis Effect & Electrolyte ECG Changes,Hyperkalemia Treatment - Stepwise,"What is the stepwise treatment approach for hyperkalemia, from first step to further measures?","1st: Calcium gluconate (NOT Calcium Carbonate) - stabilizes cardiac cell membranes but does NOT lower serum K+. Next: Insulin + Dextrose drip, and Salbutamol inhalation (both cause an intracellular K+ shift, actually lowering serum K+). Further measures if needed: potassium-binding resins and hemodialysis."
Cardiovascular System (CVS),Part-8: Digitalis Effect & Electrolyte ECG Changes,Calcium ECG Changes,What are the ECG findings of hypocalcemia and hypercalcemia?,Hypocalcemia causes QT prolongation; Hypercalcemia causes QT shortening.
Cardiovascular System (CVS),Part-9: ST Elevation & Causes,Causes of ST Elevation,List the causes of ST elevation on ECG.,"Hyperkalemia, STEMI, Acute pericarditis (concave up, global), Prinzmetal angina (transient), Takotsubo cardiomyopathy (mimics STEMI entirely), Ventricular aneurysm, and Brugada Syndrome (in V1-V3)."
Cardiovascular System (CVS),Part-9: ST Elevation & Causes,STEMI ECG Evolution,Describe the typical ECG evolution seen in STEMI.,"Peaked T waves, followed by ST elevation (convex elevation, also called Pardee sign), followed by pathological Q wave formation (also seen in HOCM), followed by inverted T waves."
Cardiovascular System (CVS),Part-9: ST Elevation & Causes,Acute Pericarditis - ECG,What are the characteristic ECG findings of acute pericarditis?,"Concave-up ST elevation that is global (diffuse across leads), along with PR segment depression."
Cardiovascular System (CVS),Part-9: ST Elevation & Causes,Acute Pericarditis - Clinical,"What is the pathognomonic clinical presentation of acute pericarditis, and describe the chest pain.","Acute chest pain plus a pericardial rub; the chest pain is sharp, pleuritic, worse on inspiration, and relieved by sitting forward."
Cardiovascular System (CVS),Part-9: ST Elevation & Causes,Acute Pericarditis - Etiology/Rx,"What is the most common cause of acute pericarditis, what is post-MI pericarditis called, and what is the treatment?","Viral infections (e.g., coxsackie, mumps) are the most common cause; post-MI pericarditis is called Dressler syndrome; treatment is NSAIDs (Ibuprofen/Aspirin) and Colchicine (which reduces recurrence)."
Cardiovascular System (CVS),Part-9: ST Elevation & Causes,Takotsubo Cardiomyopathy,What is Takotsubo cardiomyopathy and what triggers it?,Transient left ventricular systolic dysfunction triggered by emotional or physical stress; also called 'broken heart syndrome' or stress cardiomyopathy.
Cardiovascular System (CVS),Part-9: ST Elevation & Causes,Takotsubo Cardiomyopathy,What is the characteristic morphological finding in Takotsubo cardiomyopathy?,"Mid-ventricular narrowing of the left ventricle resembling an octopus trapping jar, with hypokinesis of the mid-ventricle but a normal apex."
Cardiovascular System (CVS),Part-9: ST Elevation & Causes,Takotsubo Cardiomyopathy,"How is Takotsubo cardiomyopathy differentiated from STEMI, given that cardiac biomarkers are also elevated?","Cardiac biomarkers are elevated in both, so Takotsubo can only be differentiated from STEMI on angiography (which shows no significant coronary occlusion in Takotsubo)."
Cardiovascular System (CVS),Part-9: ST Elevation & Causes,Brugada Syndrome,What are the ECG findings of Brugada syndrome?,"Coving (coved-type) ST elevation in leads V1-V3, with an ECG pattern resembling RBBB."
Cardiovascular System (CVS),Part-9: ST Elevation & Causes,Brugada Syndrome,"What is the genetic basis and inheritance pattern of Brugada syndrome, and what is the management?","It is a congenital cause of ST elevation with autosomal dominant (AD) transmission, due to a defect in the SCN5A (sodium channel) gene; management is ICD placement."
Cardiovascular System (CVS),Part-9: ST Elevation & Causes,MI Localization by ECG Leads,"Which ECG leads correspond to lateral, antero-septal, antero-apical, and antero-lateral MI territories?",Lateral: Leads I and aVL; Antero-septal: V1-V2; Antero-apical: V3-V4; Antero-lateral: V5-V6.
Cardiovascular System (CVS),Part-9: ST Elevation & Causes,MI Localization by ECG Leads,"Which ECG leads correspond to inferior wall MI, and which artery is most commonly implicated as the 'widow maker'?","Inferior wall MI: Leads II, III, aVF. The LAD (left anterior descending) artery is the most common area involved and is known as the 'widow maker'."
Cardiovascular System (CVS),Part-9: ST Elevation & Causes,Posterior Wall MI,"What are the ECG changes of posterior wall MI (PDA territory), and which reciprocal leads confirm it?","ST depression in V1-V3 (reciprocal to ST elevation), tall broad R waves in V1-V3 (reciprocal to pathological Q waves), and upright T waves (in NSTEMI there would instead be T wave inversion); confirmed with posterior leads V7-V9 showing ST elevation ≥0.5 mm."
Cardiovascular System (CVS),Part-9: ST Elevation & Causes,MI Clinical Presentation by Location,What is the characteristic clinical presentation of anterior wall MI versus inferior wall MI?,Anterior wall MI presents with cardiogenic shock due to pump failure; Inferior wall MI presents with bradycardia due to ischemia affecting the SA node and AV node.
Cardiovascular System (CVS),Part-10: Coronary Circulation Anatomy,Aortic Sinus of Valsalva,Which coronary arteries arise from the anterior and posterior aortic sinuses of Valsalva?,The Anterior aortic sinus gives rise to the RCA (Right Coronary Artery); the Posterior aortic sinus gives rise to the LCA (Left Coronary Artery); the remaining (non-coronary) sinus gives rise to no coronary artery.
Cardiovascular System (CVS),Part-10: Coronary Circulation Anatomy,RCA Branches,"What is the mnemonic for the branches of the RCA, and what does each supply?","C-A-M: Conus branch, AVN branch, and (Acute) Marginal branch which supplies the free wall."
Cardiovascular System (CVS),Part-10: Coronary Circulation Anatomy,RCA - PDA & Dominance,"In what percentage of people does the RCA give rise to the PDA (Posterior Descending Artery), and what does this determine?","In 85% of people, the RCA gives rise to the PDA, which determines coronary dominance (right dominant circulation)."
Cardiovascular System (CVS),Part-10: Coronary Circulation Anatomy,RCA - PDA Territory,What does the PDA (Posterior Descending Artery) supply?,The posterior 1/3 of the interventricular septum and the posterior wall of the left ventricle.
Cardiovascular System (CVS),Part-10: Coronary Circulation Anatomy,LCA Branches,What are the two main branches of the LCA (Left Coronary Artery)?,LAD (Left Anterior Descending) and LCX (Left Circumflex).
Cardiovascular System (CVS),Part-10: Coronary Circulation Anatomy,LAD Territory,"What does the LAD supply, what are its sub-branches, and what is its nickname?",The LAD gives off diagonal and septal branches; it supplies the anterior 2/3 of the septum and the anterior wall of the left ventricle; it is nicknamed the 'widow's artery' (widow maker).
Cardiovascular System (CVS),Part-10: Coronary Circulation Anatomy,LCX Territory,"What does the LCX (Left Circumflex) supply, and what is its main branch called?","It supplies the lateral wall of the left ventricle via its main branch, the obtuse marginal artery."
Cardiovascular System (CVS),Part-10: Coronary Circulation Anatomy,Coronary Venous Drainage,"Where does venous drainage of the heart go, and what is the exception?","Everything drains into the Coronary Sinus, except the Anterior Cardiac Vein (ACV), which drains directly into the right atrium."
Cardiovascular System (CVS),Part-10: Coronary Circulation Anatomy,MI Localization by Artery,"Which coronary artery is responsible for anterior MI, lateral MI, inferior MI, and posterior MI respectively?",Anterior MI: LAD; Lateral MI: LCX; Inferior MI: RCA; Posterior MI: PDA.
Cardiovascular System (CVS),Part-11: Myocardial Infarction,Stable Angina,"What triggers the pain of stable angina, what happens to ECG/troponins, and what is the underlying mechanism and treatment?",Pain is triggered by physical exertion and relieved with rest; ECG and troponins are normal; caused by low coronary perfusion (fixed narrowing); treated with Beta blockers.
Cardiovascular System (CVS),Part-11: Myocardial Infarction,Prinzmetal Angina,"What causes Prinzmetal (variant) angina, what is the pain pattern, and what is the treatment (and what is contraindicated)?",Caused by coronary artery vasospasm; pain occurs at rest; treated with DHP calcium channel blockers; Beta blockers are contraindicated as they may worsen coronary vasospasm.
Cardiovascular System (CVS),Part-11: Myocardial Infarction,Unstable Angina,"What defines unstable angina in terms of troponins and pain, and what is the DOC?","Troponins are normal, but pain occurs at rest; DOC is LMWH; fibrinolysis is contraindicated."
Cardiovascular System (CVS),Part-11: Myocardial Infarction,STEMI vs NSTEMI,"How do STEMI and NSTEMI differ in troponin status, ECG changes, infarct depth, and initial management?","STEMI: troponins raised, ST elevation, transmural (complete) infarct due to complete coronary occlusion, managed with fibrinolysis/PCI. NSTEMI: troponins raised, ST depression, partial block due to thrombus, DOC is LMWH with fibrinolysis contraindicated."
Cardiovascular System (CVS),Part-11: Myocardial Infarction,MONA Therapy,"What does the MONA mnemonic stand for in acute MI management, and what are the caveats for each component?","Morphine (for severe pain), Oxygen (only if hypoxic, SpO2 <94%), Nitrates (avoid in inferior wall MI due to reduced preload), Aspirin (started along with a statin)."
Cardiovascular System (CVS),Part-11: Myocardial Infarction,Modern MI Management,What is now preferred over MONA in modern acute MI management?,Early reperfusion (PCI/thrombolysis) plus dual antiplatelet therapy plus anticoagulation.
Cardiovascular System (CVS),Part-11: Myocardial Infarction,Comparative Table - Pain/Troponin,"Compare the pain pattern and troponin status across Stable Angina, Unstable Angina, NSTEMI, STEMI, and Prinzmetal angina.","Stable Angina: pain on exertion, troponin negative. Unstable Angina, NSTEMI, STEMI, Prinzmetal angina: all have rest/exertion pain. Troponin is negative in Unstable Angina and Prinzmetal angina, but positive in NSTEMI and STEMI."
Cardiovascular System (CVS),Part-11: Myocardial Infarction,Comparative Table - ECG/Infarction,"Compare ECG findings and depth of infarction across Stable Angina, Unstable Angina, NSTEMI, STEMI, and Prinzmetal angina.","Stable Angina: normal ECG, no infarction. Unstable Angina and NSTEMI: ST depression with T inversion; NSTEMI has sub-endocardial infarction while unstable angina has none. STEMI: ST elevation with trans-mural infarction. Prinzmetal angina: transient ST elevation, no infarction."
Cardiovascular System (CVS),Part-11: Myocardial Infarction,Comparative Table - Management,"Compare the management across Stable Angina, Unstable Angina, NSTEMI, STEMI, and Prinzmetal angina.",Stable Angina: Beta blockers. Unstable Angina and NSTEMI: LMWH (fibrinolysis contraindicated). STEMI: PCI/Fibrinolytics. Prinzmetal angina: DHP-CCBs. All (except stable angina/Prinzmetal) also get Statin + Aspirin ± Clopidogrel/Prasugrel.
Cardiovascular System (CVS),Part-11: Myocardial Infarction,Timing of PCI in NSTEMI,"What are the three timing categories for PCI in NSTEMI, and what indications place a patient into each?","Immediate PCI (<2 hours): hemodynamic instability/cardiogenic shock, heart failure, or ventricular tachycardia. Early PCI (<24 hours): rise/fall of troponin, or dynamic ST-T changes. Delayed PCI (24-72 hours): diabetes mellitus (can present with silent MI), or prior CABG (higher procedural risk)."
Cardiovascular System (CVS),Part-11: Myocardial Infarction,Cardiac Biomarkers - Sequence,"Summarize the sequence of cardiac biomarker usefulness after MI: earliest to rise, best at 1 day, and best for re-infarction.","Earliest to rise: IMA (Ischemia Modified Albumin) > HFABP (Heart-type Fatty Acid Binding Protein) > Myoglobin. Best after 1 day: Troponins (start rising in 2-4 hours, stay elevated for about a week). Best for diagnosing re-infarction: Serial troponin (better than CK)."
Cardiovascular System (CVS),Part-11: Myocardial Infarction,Universal MI Classification,"Describe all five types of myocardial infarction in the Universal Classification, plus 'myocardial injury'.","Type 1: Spontaneous MI due to plaque erosion/rupture or dissection. Type 2: MI due to ischemia secondary to increased oxygen demand or decreased supply. Type 3: Sudden cardiac death due to MI before biomarkers can be obtained. Type 4: MI associated with PCI (4a) or stent thrombosis (4b). Type 5: MI associated with cardiac surgery (CABG). ('Myocardial injury', distinct from MI, is a multifactorial acute or chronic troponin change on serial testing without meeting full MI criteria.)"
Cardiovascular System (CVS),Part-11: Myocardial Infarction,STEMI Reperfusion Timing,"In STEMI, what are the target reperfusion times depending on whether the initial hospital has a cath lab ('30 + 90 = 120' rule)?","If the hospital HAS a cath lab: target is <90 minutes from first medical contact (FMC) to device placement. If the hospital does NOT have a cath lab: the patient should leave that hospital (DIDO - door-in-door-out) within 30 minutes, then be transferred to a PCI-capable hospital for device placement within 120 minutes total; if this 120-minute window cannot be met, fibrinolytics should be administered within 30 minutes of arrival instead."
Cardiovascular System (CVS),Part-11: Myocardial Infarction,Post-MI Autoimmune Pericarditis,"What is the fibrinous autoimmune pericarditis that occurs after MI called, and what is its typical timing?",Dressler syndrome; it typically occurs weeks to months after MI (a delayed complication).
Cardiovascular System (CVS),Part-12: MI Complications & Pathology,MI Complications Timeline,What is the most common cause of death in the first 48 hours after MI?,Cardiac arrhythmias - the most common cause of death post-MI.
Cardiovascular System (CVS),Part-12: MI Complications & Pathology,MI Complications Timeline,"What complication occurs at 1-3 days post-MI, and how does it differ from Dressler syndrome?","Peri-infarction pericarditis, due to inflammation over the necrotic myocardium; unlike Dressler's syndrome (which is autoimmune and occurs after weeks), this is NOT autoimmune."
Cardiovascular System (CVS),Part-12: MI Complications & Pathology,MI Complications Timeline,"What complication occurs at 2-7 days post-MI, what murmur does it cause, and which papillary muscle is more commonly affected?","Papillary muscle rupture, causing acute mitral regurgitation (new-onset early systolic murmur); the posteromedial papillary muscle is affected more often than the anterolateral, because it has a single blood supply (from the PDA)."
Cardiovascular System (CVS),Part-12: MI Complications & Pathology,MI Complications Timeline,What complication occurs at 3-5 days post-MI and what murmur does it produce?,"Interventricular septal rupture, causing an acute VSD (new-onset pansystolic murmur)."
Cardiovascular System (CVS),Part-12: MI Complications & Pathology,MI Complications Timeline,"What complications occur at 3-14 days post-MI, and how are they diagnosed?","Ventricular pseudoaneurysm and ventricular free wall rupture, which cause displacement of the cardiac apex; diagnosed on echocardiography. (True ventricular aneurysm develops later, over 2 weeks to months.)"
Cardiovascular System (CVS),Part-12: MI Complications & Pathology,MI Complications Timeline,"What complication occurs weeks to months post-MI, and what is it called?",Post-Cardiac Injury Syndrome (Dressler Syndrome) - autoimmune pericarditis occurring after MI.
Cardiovascular System (CVS),Part-12: MI Complications & Pathology,Myocardial Stunning vs Hibernation,Differentiate myocardial stunning from myocardial hibernation.,"Myocardial stunning: transient LV dysfunction due to acute ischemia (reversible, short-term). Myocardial hibernation: chronic reduced contractility due to long-standing ischemia (an adaptive response to chronic hypoperfusion)."
Cardiovascular System (CVS),Part-12: MI Complications & Pathology,Earliest Pathological Changes,"What is the earliest change seen on electron microscopy after MI, and when does it occur?","Mitochondrial swelling, seen within seconds."
Cardiovascular System (CVS),Part-12: MI Complications & Pathology,Earliest Pathological Changes,"What is the earliest change seen on light microscopy after MI, and when does it occur?","Waviness of myocardial fibers, seen after about 30 minutes."
Cardiovascular System (CVS),Part-12: MI Complications & Pathology,Earliest Pathological Changes,"What is the earliest change seen on gross examination after MI, and when does it occur?",No visible gross change until beyond 4 hours.
Cardiovascular System (CVS),Part-12: MI Complications & Pathology,MI Histology Timeline,Describe the histological findings at 0-24 hours post-MI.,Wavy fibers.
Cardiovascular System (CVS),Part-12: MI Complications & Pathology,MI Histology Timeline,Describe the histological findings at 1-3 days post-MI.,"Coagulative necrosis: loss of nuclei ('ghost nuclei'), marked eosinophilic fibers, and neutrophil infiltration (acute inflammation)."
Cardiovascular System (CVS),Part-12: MI Complications & Pathology,MI Histology Timeline,"Describe the histological findings at 3-7 days post-MI, and what clinical risk peaks during this phase?","Macrophage infiltration: macrophages replace neutrophils; the myocardial wall is weakest during this phase, which is why papillary muscle rupture risk is highest around this time."
Cardiovascular System (CVS),Part-12: MI Complications & Pathology,MI Histology Timeline,Describe the histological findings at 7-14 days post-MI.,"Granulation tissue formation, characterized by neo-angiogenesis."
Cardiovascular System (CVS),Part-12: MI Complications & Pathology,MI Histology Timeline,Describe the histological findings beyond 14 days post-MI.,"Scar tissue formation: increasing collagen deposition, decreasing cellularity, and progressive scar formation."
Cardiovascular System (CVS),Part-12: MI Complications & Pathology,TTC Stain,"What does TTC (Triphenyl Tetrazolium Chloride) stain show in normal versus infarcted myocardium, and why?","Normal myocardium stains red; infarcted myocardium stains white (no staining), because viable myocardium contains active dehydrogenase enzymes needed for the stain reaction, while infarcted tissue does not."
Cardiovascular System (CVS),Part-12: MI Complications & Pathology,Contraction Bands,"What are contraction bands, what do they indicate, and what causes them?",Intensely eosinophilic transverse bands that are the hallmark of reperfusion injury; caused by hypercontraction of sarcomeres due to massive calcium influx into irreversibly injured myocytes.
Cardiovascular System (CVS),Part-12: MI Complications & Pathology,LDH Flip,What is the 'LDH flip' seen in myocardial infarction?,"Normally, LDH-2 > LDH-1; in myocardial infarction, this pattern flips so that LDH-1 > LDH-2."
Cardiovascular System (CVS),Part-13: JVP & Pulse Types,JVP Waveform Basics,"What do the A, C, and V waves of the JVP waveform represent?",A wave = atrial contraction; C wave = tricuspid valve closure (bulging into the atrium); V wave = venous filling of the atrium.
Cardiovascular System (CVS),Part-13: JVP & Pulse Types,JVP Waveform Basics,What do the X and Y descents of the JVP waveform represent?,X descent = atrial relaxation; Y descent = emptying of the atrium into the ventricle (passive filling).
Cardiovascular System (CVS),Part-13: JVP & Pulse Types,JVP - Tricuspid Regurgitation,"What JVP finding is seen in tricuspid regurgitation (TR), and what is this sign called?",A large 'V' wave (fused C-V wave); this is called the Lancisi sign - prominent pulsations of the jugular veins seen in TR.
Cardiovascular System (CVS),Part-13: JVP & Pulse Types,JVP - Large A Wave,What JVP finding is seen with TS/PS/PAH/TOF (conditions with increased resistance to atrial emptying)?,A large 'A' wave.
Cardiovascular System (CVS),Part-13: JVP & Pulse Types,JVP - Cannon A Wave,What is a 'Cannon A wave' and in which condition is it seen?,"A large A wave caused by atrial contraction against a closed tricuspid valve (an 'AV dissociation' event, 'it's a cannon event'); seen in complete heart block."
Cardiovascular System (CVS),Part-13: JVP & Pulse Types,JVP - Atrial Fibrillation,What happens to the A wave of the JVP in atrial fibrillation?,The A wave is absent.
Cardiovascular System (CVS),Part-13: JVP & Pulse Types,JVP - Cardiac Tamponade,What is the characteristic JVP finding in cardiac tamponade?,A prominent X descent (called 'TAX') with loss of the Y descent.
Cardiovascular System (CVS),Part-13: JVP & Pulse Types,JVP - Constrictive Pericarditis,What is the characteristic JVP finding in constrictive pericarditis?,A prominent X descent AND prominent Y descent (both descents are exaggerated).
Cardiovascular System (CVS),Part-13: JVP & Pulse Types,Beck's Triad,"What is Beck's triad, and what condition does it indicate?","Hypotension (obstructive shock), Raised JVP, and Muffled heart sounds - seen in cardiac tamponade."
Cardiovascular System (CVS),Part-13: JVP & Pulse Types,Cardiac Tamponade - Other Signs,"Besides Beck's triad, what other clinical and diagnostic signs are seen in cardiac tamponade?",Pulsus paradoxus; Ewart's sign (intra-scapular dullness); on echo - diastolic collapse and 'dancing heart' sign; electrical alternans on ECG.
Cardiovascular System (CVS),Part-13: JVP & Pulse Types,Constrictive Pericarditis - Signs,What clinical and ECG signs are characteristic of constrictive pericarditis?,"Kussmaul's sign (paradoxical increase in JVP on inspiration), Pulsus paradoxus, Pericardial knock, and Low voltage ECG."
Cardiovascular System (CVS),Part-13: JVP & Pulse Types,Normal Inspiratory BP Change,"What normally happens to systolic BP during inspiration, and why?","Systolic BP decreases slightly (<10 mmHg) during inspiration, because increased venous return to the right heart reduces left ventricular filling and stroke volume."
Cardiovascular System (CVS),Part-13: JVP & Pulse Types,Pulsus Paradoxus Mechanism,What is the mechanism of pulsus paradoxus?,"On inspiration, venous return increases; this pushes the interventricular septum towards the LV, further decreasing LV stroke volume, causing SBP to fall by more than 10 mmHg."
Cardiovascular System (CVS),Part-13: JVP & Pulse Types,Pulsus Paradoxus Causes,List the causes of pulsus paradoxus.,"Cardiac tamponade, Constrictive pericarditis, Pulmonary embolism, Pregnancy, and Asthma."
Cardiovascular System (CVS),Part-13: JVP & Pulse Types,Reverse Pulsus Paradoxus,"What is reverse pulsus paradoxus, and in which conditions is it seen?",SBP increases with inspiration (opposite of normal); seen in Positive Pressure Ventilation (PPV) and HOCM.
Cardiovascular System (CVS),Part-13: JVP & Pulse Types,Normal Pulse,What causes the dicrotic notch seen in a normal arterial pulse waveform?,Closure of the aortic valve.
Cardiovascular System (CVS),Part-13: JVP & Pulse Types,Hypokinetic Pulse,"What is a hypokinetic (weak) pulse, what is it also called, and in which condition is it classically seen?","A pulse with low stroke volume, also called 'Pulsus parvus et tardus'; classically seen in Aortic Stenosis (AS)."
Cardiovascular System (CVS),Part-13: JVP & Pulse Types,Hyperkinetic Pulse,"What is a hyperkinetic (bounding) pulse, and in which conditions is it seen?","A pulse with high stroke volume; seen in Wet Beri Beri, Aortic Regurgitation (AR), Thyrotoxicosis, and Pregnancy."
Cardiovascular System (CVS),Part-13: JVP & Pulse Types,Waterhammer Pulse,"What is a waterhammer (collapsing) pulse, and in which condition is it seen? What is the 'pseudo' version?",A collapsing pulse seen with AR (Aortic Regurgitation); a 'pseudo collapsing pulse' can be seen with MR (Mitral Regurgitation).
Cardiovascular System (CVS),Part-13: JVP & Pulse Types,Bigeminal Pulse,What is a bigeminal pulse and what is it associated with?,"A pulse pattern seen with arrhythmias (PAC/PVC), related to AV dissociation."
Cardiovascular System (CVS),Part-13: JVP & Pulse Types,Pulsus Alternans,"What is pulsus alternans, in which condition is it seen, and what law explains it?","Alternating strong and weak pulses, seen with LVF (Left Ventricular Failure), explained by the Frank-Starling Law."
Cardiovascular System (CVS),Part-13: JVP & Pulse Types,Pulsus Bisferiens,What is pulsus bisferiens and in which conditions is it seen?,A pulse with two systolic peaks due to outflow tract obstruction; seen in HOCM and combined AS+AR.
Cardiovascular System (CVS),Part-13: JVP & Pulse Types,Peripheral Signs of Aortic Regurgitation,List the classic peripheral signs of Aortic Regurgitation (AR) and what each one describes.,Corrigan sign: collapsing carotid pulse. Müller sign: uvular pulsations. Landolfi sign: pupillary pulsations. Quincke sign: nail bed capillary pulsations. de Musset sign: head nodding with each pulse. Hill sign: popliteal systolic BP exceeds brachial systolic BP by more than 20 mmHg.
Cardiovascular System (CVS),Part-14: Heart Sounds & Cardiac Tumors,Auscultation Areas,"What is the mnemonic for the four cardiac auscultation areas, and what does each stand for?","APTM: Aortic area, Pulmonic area, Tricuspid area, Mitral area (apex)."
Cardiovascular System (CVS),Part-14: Heart Sounds & Cardiac Tumors,Aortic Area Murmurs,What murmurs are heard in the aortic area?,"Systolic murmurs: Aortic stenosis, flow murmur (e.g., physiologic murmur), and aortic valve sclerosis."
Cardiovascular System (CVS),Part-14: Heart Sounds & Cardiac Tumors,Pulmonic Area Murmurs,What murmurs are heard in the pulmonic area?,"Systolic ejection murmurs: Pulmonic stenosis, Atrial septal defect (ASD), and flow murmur."
Cardiovascular System (CVS),Part-14: Heart Sounds & Cardiac Tumors,Tricuspid Area Murmurs,What murmurs are heard in the tricuspid area?,Holosystolic murmurs: Tricuspid regurgitation and Ventricular septal defect (VSD); Diastolic murmur: Tricuspid stenosis.
Cardiovascular System (CVS),Part-14: Heart Sounds & Cardiac Tumors,Mitral Area Murmurs,What murmurs are heard in the mitral area (apex)?,Systolic murmurs: Mitral regurgitation and Mitral valve prolapse; Diastolic murmur: Mitral stenosis.
Cardiovascular System (CVS),Part-14: Heart Sounds & Cardiac Tumors,Left Sternal Border (Erb's Point),What murmurs are heard at the left sternal border (Erb's point)?,Systolic murmur: Hypertrophic cardiomyopathy (HOCM); Diastolic murmurs: Aortic regurgitation and Pulmonic regurgitation.
Cardiovascular System (CVS),Part-14: Heart Sounds & Cardiac Tumors,Heart Sounds S1/S2,What events produce the S1 and S2 heart sounds?,S1 = closure of the bicuspid (mitral) and tricuspid valves; S2 = closure of the aortic and pulmonic (semilunar) valves.
Cardiovascular System (CVS),Part-14: Heart Sounds & Cardiac Tumors,S2 Splitting,"Why does S2 normally split, and when is this splitting most noticeable?","S2 splits because during inspiration more blood returns to the RV, so the pulmonic valve takes slightly longer to close than the aortic valve; splitting is more noticeable on inspiration."
Cardiovascular System (CVS),Part-14: Heart Sounds & Cardiac Tumors,S3 vs S4 Gallop,"What is a Ventricular gallop (S3) associated with, and what is an Atrial gallop (S4) associated with?","Ventricular gallop (S3): any high output state, e.g., CHF, DCM, Pregnancy. Atrial gallop (S4): due to a stiff/non-compliant ventricle, e.g., HOCM, chronic hypertension."
Cardiovascular System (CVS),Part-14: Heart Sounds & Cardiac Tumors,Loud S1,What conditions cause a loud S1?,"Mitral stenosis, a short PR interval (e.g., WPW syndrome), and hyperdynamic circulation."
Cardiovascular System (CVS),Part-14: Heart Sounds & Cardiac Tumors,Soft S1,What conditions cause a soft S1?,"Mitral regurgitation, Tricuspid regurgitation, CHF, calcified valves, and a prolonged PR interval (1st degree AV block)."
Cardiovascular System (CVS),Part-14: Heart Sounds & Cardiac Tumors,Variable Wide S2 Split,"In which conditions is a variable wide S2 split seen, and what is the mechanism?","Seen in PAH, Pulmonic Stenosis, RBBB, and Mitral Regurgitation; due to delayed emptying of the right ventricle."
Cardiovascular System (CVS),Part-14: Heart Sounds & Cardiac Tumors,Fixed Wide S2 Split,"In which conditions is a fixed wide S2 split seen, and what is the mechanism?",Seen in ASD and TAPVC; due to constant increased blood flow to the right heart.
Cardiovascular System (CVS),Part-14: Heart Sounds & Cardiac Tumors,Paradoxical S2 Split,"In which conditions is a paradoxical S2 split seen, and what is the mechanism?","Seen in AS, LBBB, and Hypertension (HTN); due to delayed emptying of the left ventricle."
Cardiovascular System (CVS),Part-14: Heart Sounds & Cardiac Tumors,Added Systolic Sounds,What are the added systolic heart sounds and their associated conditions?,Ejection systolic click - Aortic Stenosis (AS); Mid-systolic click - Mitral Valve Prolapse (MVP).
Cardiovascular System (CVS),Part-14: Heart Sounds & Cardiac Tumors,Added Diastolic Sounds,What are the added diastolic heart sounds and their associated conditions?,Opening snap - Mitral Stenosis (MS); Pericardial knock - Constrictive pericarditis; Tumor plop - Atrial myxoma.
Cardiovascular System (CVS),Part-14: Heart Sounds & Cardiac Tumors,Stethoscope Use,"For which heart sounds should the bell of the stethoscope be used, and which should use the diaphragm?","Bell (for lower pitch sounds): S3, S4, Tumor plop, MS/TS murmurs. Diaphragm: used for higher pitch sounds."
Cardiovascular System (CVS),Part-14: Heart Sounds & Cardiac Tumors,Cardiac Tumors - Adults,"What is the most common cardiac tumor in adults, and what are its characteristic features?",Atrial myxoma; it is associated with high IL-6 and shows myxoma cells on histopathology.
Cardiovascular System (CVS),Part-14: Heart Sounds & Cardiac Tumors,Cardiac Tumors - Children,"What is the most common cardiac tumor in children, and what are its characteristic associations?",Rhabdomyoma; it is associated with Tuberous sclerosis and shows spider cells on histopathology.
Cardiovascular System (CVS),Part-15: Valvular Disorders & Murmurs,Valvular Murmurs Overview,"What is the broad classification of valvular murmurs, and what mnemonic is used for the diastolic murmurs?",Systolic and Diastolic murmurs; diastolic murmurs are grouped under the mnemonic 'ARMS'.
Cardiovascular System (CVS),Part-15: Valvular Disorders & Murmurs,Aortic Stenosis Murmur,"Describe the murmur of Aortic Stenosis, including radiation and splitting.","A crescendo-decrescendo ejection systolic murmur that radiates to the carotids, with narrow or paradoxical splitting of S2."
Cardiovascular System (CVS),Part-15: Valvular Disorders & Murmurs,Gallavardin Phenomenon,What is the Gallavardin phenomenon?,"In Aortic Stenosis, a holosystolic, high-pitched murmur that radiates to the apex, mimicking mitral regurgitation."
Cardiovascular System (CVS),Part-15: Valvular Disorders & Murmurs,MVP Murmur,Describe the murmur of Mitral Valve Prolapse (MVP).,A late systolic murmur with a mid-systolic click (MC) that occurs after the carotid pulse.
Cardiovascular System (CVS),Part-15: Valvular Disorders & Murmurs,MR/TR Murmur,"Describe the murmur of Mitral Regurgitation (MR) and Tricuspid Regurgitation (TR), including their character and radiation.","Both produce a holosystolic, blowing murmur; MR radiates to the axilla, while TR is loudest at the tricuspid area."
Cardiovascular System (CVS),Part-15: Valvular Disorders & Murmurs,VSD Murmur,Describe the murmur of a Ventricular Septal Defect (VSD).,"A holosystolic, harsh-sounding murmur, loudest at the tricuspid area."
Cardiovascular System (CVS),Part-15: Valvular Disorders & Murmurs,Other Systolic Murmurs,What is Still's murmur?,A benign flow murmur seen in pediatric age due to increased cardiac output ('Still baby').
Cardiovascular System (CVS),Part-15: Valvular Disorders & Murmurs,Other Systolic Murmurs,What is the Carvallo sign?,"In Tricuspid Regurgitation, the murmur gets louder with inspiration ('Ca-right-vallo')."
Cardiovascular System (CVS),Part-15: Valvular Disorders & Murmurs,Other Systolic Murmurs,What condition classically produces an early systolic murmur?,Acute Mitral Regurgitation.
Cardiovascular System (CVS),Part-15: Valvular Disorders & Murmurs,AR Murmur,Describe the murmur of Aortic Regurgitation (AR).,"An early diastolic, decrescendo, high-pitched 'blowing' murmur."
Cardiovascular System (CVS),Part-15: Valvular Disorders & Murmurs,MS Murmur,"Describe the murmur of Mitral Stenosis (MS), including its relationship to the opening snap.","It follows the opening snap (OS), with a loud S1; a delayed, rumbling mid-to-late diastolic murmur with presystolic accentuation."
Cardiovascular System (CVS),Part-15: Valvular Disorders & Murmurs,MS Murmur - Severity,"How does severity of Mitral Stenosis relate to the S2-OS interval and presystolic accentuation, and when is it lost?",A decreased interval between S2 and the opening snap correlates with increased severity; presystolic accentuation is lost in atrial fibrillation.
Cardiovascular System (CVS),Part-15: Valvular Disorders & Murmurs,MS - Symptomatic/Severe Criteria,"When is Mitral Stenosis considered symptomatic/severe, and what is the management?","When MVA (mitral valve area) is less than 1.5 cm², or with atrial fibrillation, or with PAH; management is mitral valve replacement."
Cardiovascular System (CVS),Part-15: Valvular Disorders & Murmurs,PDA Murmur,"Describe the murmur of Patent Ductus Arteriosus (PDA), and where is it best heard?","A continuous, machinery-like murmur, best heard at the left infraclavicular area."
Cardiovascular System (CVS),Part-15: Valvular Disorders & Murmurs,Other Diastolic Murmurs,"What is the Austin Flint murmur, and in which condition is it heard?",A mid-diastolic murmur heard in Aortic Regurgitation (AR).
Cardiovascular System (CVS),Part-15: Valvular Disorders & Murmurs,Other Diastolic Murmurs,"What is the Graham Steel murmur, and in which condition is it heard?","An early diastolic murmur heard in Pulmonary Arterial Hypertension (PAH), due to pulmonary regurgitation."
Cardiovascular System (CVS),Part-15: Valvular Disorders & Murmurs,Other Diastolic Murmurs,"What is the Carey Coombs murmur, and in which condition is it heard?",A mid-diastolic murmur heard in Acute Rheumatic Fever.
Cardiovascular System (CVS),Part-15: Valvular Disorders & Murmurs,Preload and Murmurs,"How do preload-reducing maneuvers (Valsalva/Standing/Nitroglycerin) versus preload-increasing maneuvers (Passive leg raise/Squatting/Phenylephrine) affect most murmurs, and what are the exceptions?","Reduced preload: most murmurs DECREASE. Increased preload: most murmurs INCREASE. Exception (opposite behavior) for BOTH: HOCM and MVP, whose murmurs increase with reduced preload and decrease with increased preload."
Cardiovascular System (CVS),Part-15: Valvular Disorders & Murmurs,Afterload and Murmurs,"How does afterload-reducing amyl nitrite versus the afterload-increasing handgrip maneuver affect most murmurs, and what are the exceptions?","Reduced afterload (amyl nitrite): most murmurs DECREASE. Increased afterload (handgrip): most murmurs INCREASE. Exception (opposite behavior) for BOTH: HOCM and Aortic Stenosis (AS), whose murmurs increase with reduced afterload and decrease with increased afterload."
Cardiovascular System (CVS),Part-15: Valvular Disorders & Murmurs,Inspiration and Murmurs,"How does inspiration affect right-sided murmurs, and what is this called in TR?",Inspiration increases the intensity of all right-sided murmurs; in TR this is called the Carvallo sign.
Cardiovascular System (CVS),Part-15: Valvular Disorders & Murmurs,Valsalva Maneuver Definition,What is the Valsalva maneuver?,Forceful expiration against a closed glottis.
Cardiovascular System (CVS),Part-15: Valvular Disorders & Murmurs,HOCM Obstruction Physiology,"In HOCM, what happens to outflow obstruction when the LV cavity becomes small, and what three factors worsen this?","Obstruction increases when the LV cavity becomes small. It worsens with: (1) increased contractility, (2) decreased preload (low LV volume), and (3) decreased afterload - because a smaller LV cavity brings the septum and mitral leaflet closer together, increasing obstruction."
Cardiovascular System (CVS),Part-16: Pressure-Volume Curves & Pressure Curves,PV Loop - Phases,"What are the four main phases of the left ventricular pressure-volume (PV) loop, marked by which valve events?",1) Isovolumetric contraction (mitral valve closes to aortic valve opens); 2) Ejection (aortic valve opens to aortic valve closes); 3) Isovolumetric relaxation (aortic valve closes to mitral valve opens); 4&5) Ventricular filling (mitral valve opens to mitral valve closes).
Cardiovascular System (CVS),Part-16: Pressure-Volume Curves & Pressure Curves,PV Loop - Stroke Volume,"How is stroke volume derived from the PV loop, and what determines the width of the loop?",Stroke volume = EDV - ESV (End-Diastolic Volume minus End-Systolic Volume); this determines the horizontal width of the PV loop.
Cardiovascular System (CVS),Part-16: Pressure-Volume Curves & Pressure Curves,PV Loop - Contractility,"How does increased contractility shift the PV loop, and what happens to SV, EF, and ESV?","Increased contractility shifts the loop upward/leftward: Stroke Volume increases, Ejection Fraction increases, and ESV decreases."
Cardiovascular System (CVS),Part-16: Pressure-Volume Curves & Pressure Curves,PV Loop - Afterload,"How does increased afterload (aortic pressure) affect the PV loop, SV, and ESV?",Increased afterload shifts the loop to be taller and narrower: Stroke Volume decreases and ESV increases.
Cardiovascular System (CVS),Part-16: Pressure-Volume Curves & Pressure Curves,PV Loop - Preload,"How does increased preload affect stroke volume, and what law does this represent?","Increased preload increases stroke volume, representing the Frank-Starling Law of the heart."
Cardiovascular System (CVS),Part-16: Pressure-Volume Curves & Pressure Curves,ESPVR/EDPVR,What do the End-Systolic Pressure-Volume Relationship (ESPVR) and End-Diastolic Pressure-Volume Relationship (EDPVR) each depend on?,ESPVR depends on LV contractility; EDPVR depends on LV compliance.
Cardiovascular System (CVS),Part-16: Pressure-Volume Curves & Pressure Curves,Ejection Fraction Formula,"What is the formula for ejection fraction, and what is the normal range?",EF (%) = [(EDV - ESV) / EDV] x 100; normal range is 55-65%.
Cardiovascular System (CVS),Part-16: Pressure-Volume Curves & Pressure Curves,PV Loop - Aortic Stenosis,What PV loop changes are seen in Aortic Stenosis?,"LV pressure is increased, and ESV is low (mnemonic: 'thin is stenosis')."
Cardiovascular System (CVS),Part-16: Pressure-Volume Curves & Pressure Curves,PV Loop - Mitral Stenosis,What PV loop changes are seen in Mitral Stenosis?,"LV volume is decreased, and EDV is low (mnemonic: 'thin is stenosis')."
Cardiovascular System (CVS),Part-16: Pressure-Volume Curves & Pressure Curves,PV Loop - Aortic Regurgitation,What PV loop changes are seen in Aortic Regurgitation?,"LV volume is increased, and EDV is high."
Cardiovascular System (CVS),Part-16: Pressure-Volume Curves & Pressure Curves,PV Loop - Mitral Regurgitation,What PV loop changes are seen in Mitral Regurgitation?,LV volume is increased; EDV is high but ESV is low.
Cardiovascular System (CVS),Part-16: Pressure-Volume Curves & Pressure Curves,Pressure Curves - Aortic Stenosis,What is seen on the blood pressure-time curve in Aortic Stenosis?,LV pressure exceeds aortic pressure during systole (a pressure gradient develops across the stenotic valve).
Cardiovascular System (CVS),Part-16: Pressure-Volume Curves & Pressure Curves,Pressure Curves - Aortic Regurgitation,What is seen on the blood pressure-time curve in Aortic Regurgitation?,"A large pulse pressure, with a rapid/sudden dip in aortic diastolic pressure due to regurgitant flow back into the LV."
Cardiovascular System (CVS),Part-16: Pressure-Volume Curves & Pressure Curves,Pressure Curves - Mitral Stenosis,What is seen on the pressure-time curve in Mitral Stenosis?,Left atrial (LA) pressure exceeds left ventricular (LV) pressure during diastole.
Cardiovascular System (CVS),Part-16: Pressure-Volume Curves & Pressure Curves,Pressure Curves - Mitral Regurgitation,What is seen on the left atrial pressure curve in Mitral Regurgitation?,A tall 'V wave' in the left atrial pressure trace during systole.
Cardiovascular System (CVS),Part-16: Pressure-Volume Curves & Pressure Curves,Coronary Blood Flow Timing,"During which phase of the cardiac cycle does left coronary blood flow mainly occur, compared to right coronary flow?",Left coronary blood flow occurs mainly during diastole; right coronary blood flow occurs more evenly across both systole and diastole.
Cardiovascular System (CVS),Part-16: Pressure-Volume Curves & Pressure Curves,Cardiac Output Formulas,What is the formula for Cardiac Output and Cardiac Index?,Cardiac Output = Stroke Volume x Heart Rate; Cardiac Index = Cardiac Output / Body Surface Area.
Cardiovascular System (CVS),Part-16: Pressure-Volume Curves & Pressure Curves,Fick's Law,"What is Fick's law used for, what invasive device is used, and what is its formula?",Fick's law is an invasive technique to measure cardiac output using a Swan-Ganz catheter; Cardiac Output = Total O2 Consumption / ([O2] in pulmonary vein - [O2] in pulmonary artery).
Cardiovascular System (CVS),Part-17: Wiggers Diagram & Cardiac Cycle Timing,Wiggers Diagram Mnemonic,What is the mnemonic 'P a4 QRS 1cx T 2dn v3y' used to remember in the Wiggers diagram?,"It links ECG waves to JVP waves/cardiac cycle events: the P wave corresponds to the 'a' wave; the QRS complex corresponds to phase 1 (isovolumetric contraction), the 'c' wave, and the start of the 'x' descent; the T wave corresponds to phase 2, the dicrotic notch, the 'v' wave, and phase 3 with the 'y' descent."
Cardiovascular System (CVS),Part-17: Wiggers Diagram & Cardiac Cycle Timing,Cardiac Cycle Duration,What is the formula for total cardiac cycle duration based on heart rate?,"Cardiac cycle duration = 60 / Heart rate (e.g., at HR 75, cycle duration ≈ 0.8 seconds)."
Cardiovascular System (CVS),Part-17: Wiggers Diagram & Cardiac Cycle Timing,Cardiac Cycle Timing - Atria,"At a normal heart rate, what are the approximate durations of atrial systole and atrial diastole?",Atrial systole ≈ 0.1 s; Atrial diastole ≈ 0.7 s.
Cardiovascular System (CVS),Part-17: Wiggers Diagram & Cardiac Cycle Timing,Cardiac Cycle Timing - Ventricles,"At a normal heart rate, what are the approximate durations of ventricular systole and ventricular diastole?",Ventricular systole ≈ 0.3 s; Ventricular diastole ≈ 0.5 s.
Cardiovascular System (CVS),Part-17: Wiggers Diagram & Cardiac Cycle Timing,Systole vs Diastole Duration,"At a normal heart rate, which is longer - systole or diastole, and what fraction of the cardiac cycle does it occupy?","Diastole is longer than systole at a normal heart rate, occupying about 2/3 of the cardiac cycle."
Cardiovascular System (CVS),Part-17: Wiggers Diagram & Cardiac Cycle Timing,Coronary Perfusion Timing,During which phase of the cardiac cycle does coronary artery perfusion mainly occur?,Mainly during diastole.
Cardiovascular System (CVS),Part-17: Wiggers Diagram & Cardiac Cycle Timing,Tachycardia and Diastole,"How does tachycardia affect the durations of systole and diastole, and which shortens more?","With tachycardia, both systole and diastole durations decrease, but diastole shortens disproportionately more than systole."
Cardiovascular System (CVS),Part-17: Wiggers Diagram & Cardiac Cycle Timing,Tachycardia and Ischemia Risk,Why does tachycardia increase the risk of myocardial ischemia?,"The disproportionate shortening of diastole reduces the time available for coronary perfusion (which occurs mainly in diastole), decreasing coronary blood flow and increasing ischemia risk."
Cardiovascular System (CVS),Part-17: Wiggers Diagram & Cardiac Cycle Timing,Maximum Heart Rate Formula,What is the formula for estimating maximum heart rate?,Maximum heart rate = 220 - Age (in years) per minute.
Cardiovascular System (CVS),Part-18: CVS Physiology - Reflexes (Baro/Chemoreceptors and others),Baroreceptors - Location & Sensitivity,"Where are baroreceptors located, and to what are they most sensitive?","Present in the aortic arch (aortic bodies) and the carotid sinus; they sense changes in blood pressure via negative feedback, and are most sensitive to pulse pressure (more so than to MAP)."
Cardiovascular System (CVS),Part-18: CVS Physiology - Reflexes (Baro/Chemoreceptors and others),Baroreceptors - Structure,What is the structural basis of baroreceptors?,Spray-type nerve endings in the vessel walls; stretch receptors are located in the adventitia and consist of TRP (Transient Receptor Potential) channels.
Cardiovascular System (CVS),Part-18: CVS Physiology - Reflexes (Baro/Chemoreceptors and others),Baroreceptor Reflex Arc,Describe the afferent pathway of the baroreceptor reflex from the carotid bodies and aortic arch to the medulla.,"From the carotid bodies: via the carotid sinus nerve and glossopharyngeal nerve. From the aortic arch: via the vagus nerve. Both converge on the medulla (Nucleus Tractus Solitarius, NTS)."
Cardiovascular System (CVS),Part-18: CVS Physiology - Reflexes (Baro/Chemoreceptors and others),Baroreceptor Reflex Arc,"What are CVLM and RVLM in the baroreceptor reflex, and what does each do?","CVLM (Caudal Ventrolateral Medulla) - when activated ('calms'), increases parasympathetic supply; RVLM (Rostral Ventrolateral Medulla) - when inhibited ('roars' when active), decreases sympathetic supply. Net effect of the reflex (in response to increased BP) is reduced BP and heart rate."
Cardiovascular System (CVS),Part-18: CVS Physiology - Reflexes (Baro/Chemoreceptors and others),Chemoreceptors,"Where are chemoreceptors located (as opposed to baroreceptors), and what are they most sensitive to?",Located in the Carotid Body (not the carotid sinus); they sense changes in gas concentration and are most sensitive to pCO2.
Cardiovascular System (CVS),Part-18: CVS Physiology - Reflexes (Baro/Chemoreceptors and others),Coronary Steal Syndrome,"What causes Coronary Steal Syndrome, which drugs can precipitate it, and what is the mechanism?","Caused by coronary vasodilator drugs such as Dipyridamole and Regadenoson; these vasodilate normal coronary arteries, 'stealing' blood flow away from already-stenosed regions, causing ischemia there."
Cardiovascular System (CVS),Part-18: CVS Physiology - Reflexes (Baro/Chemoreceptors and others),Subclavian Steal Syndrome,What is Subclavian Steal Syndrome and what is its mechanism?,"One subclavian artery becomes narrowed, so blood cannot properly reach the arm; blood is instead pulled backwards from the vertebral artery to supply the arm when demand increases, which reduces blood flow to the brain and causes syncope - hence 'steal', because the arm steals blood from the brain."
Cardiovascular System (CVS),Part-18: CVS Physiology - Reflexes (Baro/Chemoreceptors and others),Mary's Law,What does Mary's Law state?,Blood pressure (BP) is inversely related to heart rate (HR).
Cardiovascular System (CVS),Part-18: CVS Physiology - Reflexes (Baro/Chemoreceptors and others),Bainbridge Reflex,What is the Bainbridge reflex?,Increased venous return (VR) leads to increased heart rate (HR) - mnemonic: 'the brain asks the heart to form a bridge when there's too much water (blood)'.
Cardiovascular System (CVS),Part-18: CVS Physiology - Reflexes (Baro/Chemoreceptors and others),Bezold-Jarisch Reflex,"What is the Bezold-Jarisch reflex, what triggers it, and what mediates it?","Bradycardia, hypotension, and apnea occurring when LV receptors come into contact with serotonin or capsaicin; it is mediated by vagal C fibres (mnemonic: 'give capsaicin or serotonin to the heart, it stops working')."
Cardiovascular System (CVS),Part-18: CVS Physiology - Reflexes (Baro/Chemoreceptors and others),Cushing Reflex,"What is the Cushing reflex, what triggers it, and what is the triad of findings?","Occurs after a head injury when respiratory regulatory mechanisms are disrupted; the triad is bradycardia, hypertension, and irregular respiration."
Cardiovascular System (CVS),Part-18: CVS Physiology - Reflexes (Baro/Chemoreceptors and others),J Receptor Reflex,"What is the J receptor reflex, what triggers it, and what does it cause?","Juxta-pulmonary capillary (J) receptors get irritated due to blood/congestion in CHF; this causes apnea followed by rapid breathing, along with hypotension and bradycardia."
Cardiovascular System (CVS),Part-18: CVS Physiology - Reflexes (Baro/Chemoreceptors and others),Postural Hypotension,What are the diagnostic criteria for postural (orthostatic) hypotension?,"Within 3 minutes of standing: SBP falls by 20 mmHg or more, OR DBP falls by 10 mmHg or more."
Cardiovascular System (CVS),Part-18: CVS Physiology - Reflexes (Baro/Chemoreceptors and others),Bilateral Carotid Sinus Clamping,"What happens to arterial pressure when both common carotid sinuses are clamped, and then released?",Arterial pressure rises during clamping; pressure falls back down once the carotids are released.
Cardiovascular System (CVS),Part-19: CVS Physiology - Hemodynamics & Graphs,Blood Vessels - Cross-Sectional Area/Velocity,Which blood vessels have the maximum total cross-sectional area and minimum blood flow velocity?,Capillaries have both the maximum total cross-sectional area and the minimum blood flow velocity.
Cardiovascular System (CVS),Part-19: CVS Physiology - Hemodynamics & Graphs,Blood Vessels - Resistance,"Which vessels act as 'exchange vessels' with minimum resistance due to parallel arrangement, and which have maximum total peripheral resistance?","Capillaries are the exchange vessels with minimum resistance (due to parallel arrangement); Arterioles have the maximum total peripheral resistance (TPR), owing to their abundant smooth muscle."
Cardiovascular System (CVS),Part-19: CVS Physiology - Hemodynamics & Graphs,Blood Vessels - Windkessel & Capacitance,"Which vessels show the Windkessel effect, and which act as capacitance (storage) vessels?",The Aorta and large elastic arteries show the Windkessel effect (due to elasticity); Veins act as capacitance (storage) vessels.
Cardiovascular System (CVS),Part-19: CVS Physiology - Hemodynamics & Graphs,Distribution of Cardiac Output,"Which organ receives the highest absolute blood flow, and which receives the highest blood flow per 100g of tissue?",The Liver receives the highest absolute blood flow; the Kidneys receive the highest blood flow per 100 g of tissue.
Cardiovascular System (CVS),Part-19: CVS Physiology - Hemodynamics & Graphs,Arteriovenous Oxygen Difference,"Which organ has the highest arteriovenous (A-V) oxygen difference, and which has the lowest?",The Heart has the highest A-V O2 difference; the Kidneys have the lowest A-V O2 difference.
Cardiovascular System (CVS),Part-19: CVS Physiology - Hemodynamics & Graphs,Oxygen Consumption,"Which organ has the highest overall oxygen consumption, and which has the highest oxygen consumption per 100g of tissue?",The Liver has the highest overall oxygen consumption; the Heart has the highest oxygen consumption per 100 g of tissue.
Cardiovascular System (CVS),Part-19: CVS Physiology - Hemodynamics & Graphs,Reynolds Number,"What is the formula for Reynolds number, and what does each variable represent?","Re = (ρ x V x D) / η, where ρ = density of fluid, V = velocity of flow, D = diameter of the tube, and η = viscosity of the fluid."
Cardiovascular System (CVS),Part-19: CVS Physiology - Hemodynamics & Graphs,Turbulence,Under what conditions does turbulent blood flow occur?,"Turbulence occurs when velocity is high, diameter is large, and viscosity is low."
Cardiovascular System (CVS),Part-19: CVS Physiology - Hemodynamics & Graphs,Reynolds Number - Flow Type Cutoffs,"What Reynolds number ranges correspond to laminar, transitional, and turbulent flow (per the source diagram)?",Laminar flow: Reynolds number below 2000. Transitional flow: Reynolds number between 2000 and 4000. Turbulent flow: Reynolds number above 4000.
Cardiovascular System (CVS),Part-19: CVS Physiology - Hemodynamics & Graphs,Continuity Principle,"What is the continuity principle in fluid dynamics, and what happens to flow speed when a pipe's diameter decreases?","A1V1 = A2V2 (cross-sectional area x velocity is constant); when the diameter of a pipe decreases, the speed of the fluid increases (like a garden hose)."
Cardiovascular System (CVS),Part-19: CVS Physiology - Hemodynamics & Graphs,Stroke Volume vs EDV Graph,"What does the Stroke Volume vs EDV graph represent, and what physiological law does it illustrate?","Stroke volume increases with increasing EDV (End-Diastolic Volume) due to myocardial fiber stretch, until an optimal limit is reached; this represents the Frank-Starling law of the heart."
Cardiovascular System (CVS),Part-19: CVS Physiology - Hemodynamics & Graphs,Venous Return vs RAP Graph,"What is the relationship between Right Atrial Pressure (RAP) and venous return, and what happens when RAP equals MSFP?","As RAP increases, venous return decreases; when RAP = MSFP (Mean Systemic Filling Pressure), venous return becomes zero (no blood flows back to the heart)."
Cardiovascular System (CVS),Part-19: CVS Physiology - Hemodynamics & Graphs,Mean Systemic Filling Pressure (MSFP),"What is the Mean Systemic Filling Pressure (MSFP), and what is its approximate value?","If the heart suddenly stops pumping, blood flow ceases and pressures throughout the systemic circulation equalize; after equilibration, all systemic vessels reach a uniform pressure of about 7-13 mmHg - this is called the Mean Systemic Filling Pressure."
Cardiovascular System (CVS),Part-19: CVS Physiology - Hemodynamics & Graphs,Intersection of Cardiac & Vascular Function Curves,"In the intersection-of-curves model, which direction does the cardiac output curve face, and which direction does the venous return curve face, and what does their intersection represent?","The Cardiac Output curve faces upward; the Venous Return curve faces downward; their intersection represents circulatory equilibrium, i.e., the operating point of the heart."
Cardiovascular System (CVS),Part-19: CVS Physiology - Hemodynamics & Graphs,Cardiac Function Curve Shifts,"What causes an upward shift of the cardiac function curve, and what causes a downward shift?","Upward shift (increased inotropy): inotropes such as Digoxin, Dobutamine, Milrinone, and sympathetic activation. Downward shift (reduced inotropy): heart failure, ischemia, cardiomyopathy, lactic acidosis, beta blockers, and calcium channel blockers."
Cardiovascular System (CVS),Part-19: CVS Physiology - Hemodynamics & Graphs,Vascular Function Curve Shifts,What causes the intersection point (operating point) to shift up or down along the vascular function curve axis?,"Shifts up (increased volume/venous tone): high volume states, e.g., IV fluids, AV fistula. Shifts down (decreased volume/venous tone): hypovolemic conditions, e.g., hemorrhage."
Cardiovascular System (CVS),Part-19: CVS Physiology - Hemodynamics & Graphs,Effect of TPR on Cardiac Output/Venous Return,How does a change in Total Peripheral Resistance (TPR) affect both cardiac output and venous return?,An increase in TPR decreases both cardiac output and venous return; a decrease in TPR increases both cardiac output and venous return.
Cardiovascular System (CVS),Part-20: Cardiomyopathy,Dilated Cardiomyopathy (DCM) - Overview,"What type of dysfunction is seen in Dilated Cardiomyopathy (DCM), and how common is it among cardiomyopathies?",Systolic dysfunction; DCM is the most common cardiomyopathy.
Cardiovascular System (CVS),Part-20: Cardiomyopathy,Dilated Cardiomyopathy (DCM) - Causes,What are the causes of Dilated Cardiomyopathy?,"Alcohol, Trastuzumab, Doxorubicin, Peripartum cardiomyopathy (within 5 months), a genetic mutation in titin (the largest protein in humans), Hemochromatosis, and Sarcoidosis (though Restrictive Cardiomyopathy can also be seen in the latter two)."
Cardiovascular System (CVS),Part-20: Cardiomyopathy,Dilated Cardiomyopathy (DCM) - Pathology,What are the gross and histological findings in DCM?,"Gross: a dilated, globular heart; Histology: 'Ninja star appearance' of myocardial fibers."
Cardiovascular System (CVS),Part-20: Cardiomyopathy,Peripartum Cardiomyopathy (PPCM) - Diagnostic Criteria,What are the diagnostic criteria for Peripartum Cardiomyopathy (PPCM)?,"Heart failure within the last month of pregnancy or within six months postpartum; absence of prior heart disease; no other determinable cause; echocardiographic evidence of LV systolic dysfunction (LVEF <45%, LVFS <30%, LVEDD <2.7 cm/m² body surface area)."
Cardiovascular System (CVS),Part-20: Cardiomyopathy,HOCM - Overview,"What type of dysfunction is seen in Hypertrophic Obstructive Cardiomyopathy (HOCM), and in whom is it classically seen?","Diastolic dysfunction; classically seen in athletes, and is a leading cause of sudden cardiac death (due to ventricular arrhythmias)."
Cardiovascular System (CVS),Part-20: Cardiomyopathy,HOCM - Pathophysiology,"What is the characteristic morphological abnormality in HOCM, and what does it cause?","A banana-shaped (asymmetrically hypertrophied) interventricular septum, which obstructs the aortic outflow tract."
Cardiovascular System (CVS),Part-20: Cardiomyopathy,HOCM - Echo Finding,What is the classic echocardiographic finding in HOCM?,Systolic Anterior Motion (SAM) of the mitral valve/anterior mitral leaflet against the septum.
Cardiovascular System (CVS),Part-20: Cardiomyopathy,HOCM - Genetics & Treatment,"What is the genetic basis of HOCM, and what is the specific drug treatment?",Mutation in beta-myosin; treated with Mevacamten.
Cardiovascular System (CVS),Part-20: Cardiomyopathy,HOCM - Management,"What is the overall management of HOCM, and what class of drug is contraindicated?",ICD placement plus Beta blockers; inotropes are contraindicated (as they would worsen the outflow obstruction).
Cardiovascular System (CVS),Part-20: Cardiomyopathy,HOCM - Associations,What conditions are associated with HOCM?,"Infant of a Diabetic Mother (IODM), Pompe's disease, and Friedrich's Ataxia."
Cardiovascular System (CVS),Part-20: Cardiomyopathy,HOCM - Pathology,What are the gross and histological findings in HOCM?,Gross: banana-shaped septum; Histology: myofibril disarray (a 'helter-skelter' arrangement of fibers).
Cardiovascular System (CVS),Part-20: Cardiomyopathy,Restrictive Cardiomyopathy (RCM) - Overview,What type of dysfunction is seen in Restrictive Cardiomyopathy (RCM)?,Diastolic dysfunction.
Cardiovascular System (CVS),Part-20: Cardiomyopathy,Restrictive Cardiomyopathy (RCM) - Causes,"What are the causes of Restrictive Cardiomyopathy, summarized in a mnemonic?",P - Postradiation fibrosis; L - Löffler endocarditis; E - Endocardial fibroelastosis; A - Amyloidosis; S - Sarcoidosis; H - Hemochromatosis.
Cardiovascular System (CVS),Part-20: Cardiomyopathy,Restrictive Cardiomyopathy (RCM) - Pathology,What is a classic histological finding in RCM due to amyloidosis?,Amyloid deposits within the myocardium.
Cardiovascular System (CVS),Part-20: Cardiomyopathy,Cardiac MRI in Cardiomyopathy,"What is the investigation of choice (IOC) for all cardiomyopathies and myocarditis, and what does it look for?",Cardiac MRI; it looks for scarred tissue in the myocardium using late Gadolinium enhancement (LGE).
Cardiovascular System (CVS),Part-21: Acute Rheumatic Fever,ARF - Pathogenesis,"What type of immune reaction underlies Acute Rheumatic Fever (ARF), and what is the mechanism?",An immunologic reaction to strep antigens via molecular mimicry - a Type 2 Hypersensitivity reaction.
Cardiovascular System (CVS),Part-21: Acute Rheumatic Fever,ARF - Diagnostic Requirement,What evidence of preceding Group A Streptococcal infection is required to diagnose ARF?,"Increased ASO titre, increased anti-DNase B, a positive throat culture, or a recent history of scarlet fever."
Cardiovascular System (CVS),Part-21: Acute Rheumatic Fever,ARF - Diagnostic Criteria,"Besides evidence of prior strep infection, what combination of major/minor criteria is needed to diagnose ARF?","Either 2 major criteria, OR 1 major criterion plus 2 minor criteria."
Cardiovascular System (CVS),Part-21: Acute Rheumatic Fever,ARF - Major Criteria (JONES),What is the JONES mnemonic for the major criteria of Acute Rheumatic Fever?,J - Joint involvement (polyarthritis); O - myOcarditis; N - subcutaneous Nodules; E - Erythema Marginatum; S - Sydenham's Chorea (a late feature).
Cardiovascular System (CVS),Part-21: Acute Rheumatic Fever,ARF - Minor Criteria,What are the minor criteria for diagnosing Acute Rheumatic Fever?,"Increased CRP/ESR, Arthralgia, Fever, and Prolonged PR interval."
Cardiovascular System (CVS),Part-21: Acute Rheumatic Fever,ARF - Histopathology,What are the characteristic histological findings in Acute Rheumatic Fever myocarditis?,"Aschoff bodies, and Antischkow cells (also called 'caterpillar cells')."
Cardiovascular System (CVS),Part-21: Acute Rheumatic Fever,Sydenham's Chorea - Treatment,"What is the DOC for Sydenham's chorea, and what is used for refractory cases?","DOC is Haloperidol; for refractory cases, Valproate is used."
Cardiovascular System (CVS),Part-21: Acute Rheumatic Fever,ARF Secondary Prophylaxis,What is the drug regimen used for secondary prophylaxis of rheumatic fever?,"IM Benzathine Penicillin, 0.6-1.2 MU, given every 3-4 weeks."
Cardiovascular System (CVS),Part-21: Acute Rheumatic Fever,ARF Secondary Prophylaxis Duration,"How long should secondary prophylaxis be continued based on carditis severity - (1) no carditis, (2) carditis with no residual heart disease, (3) carditis with residual heart disease?","(1) No carditis: 5 years or until 21 years of age, whichever is longer. (2) Carditis, no residual heart disease: 10 years or until 21 years of age, whichever is longer. (3) Carditis with residual heart disease: 10 years or until 40 years of age, whichever is longer."
Cardiovascular System (CVS),Part-21: Acute Rheumatic Fever,Endocarditis Prophylaxis - Dental Procedures,"In which conditions is antibiotic prophylaxis required before dental procedures due to high risk of endocarditis, and what antibiotic is used?",Indications: 1) Prosthetic heart valve; 2) Prior history of endocarditis; 3) Unrepaired congenital heart disease; 4) Completely repaired congenital heart disease (within 6 months of repair); 5) Incompletely repaired congenital heart disease; 6) Valvulopathy after cardiac transplant. Antibiotic used: Amoxicillin (per BTR 2.0 handwritten notes).
Cardiovascular System (CVS),Part-22: Atherosclerosis & Dyslipidemia,Steps of Atherosclerosis,What are the three steps in the development of atherosclerosis?,"Endothelial dysfunction, Fatty streak formation, and Fibrous plaque formation."
Cardiovascular System (CVS),Part-22: Atherosclerosis & Dyslipidemia,Vulnerable Plaque,What does a higher fat component in an atherosclerotic plaque indicate?,"It represents a vulnerable plaque, which is more likely to rupture and occlude arteries."
Cardiovascular System (CVS),Part-22: Atherosclerosis & Dyslipidemia,Statins - Mechanism & Effects,"What is the mechanism of statins, and what are their pleiotropic effects?","Statins are HMG-CoA reductase inhibitors and are first-line for dyslipidemia; they lower LDL; pleiotropic effects include anti-inflammatory, anti-platelet, and increased nitric oxide (NO) effects."
Cardiovascular System (CVS),Part-22: Atherosclerosis & Dyslipidemia,Statins - Side Effects,"What are the main side effects of statins, and how can myopathy be prevented?",Myopathy (can be prevented by Co-enzyme Q supplementation) and Hepatotoxicity.
Cardiovascular System (CVS),Part-22: Atherosclerosis & Dyslipidemia,Statins - Metabolism,"Which statin is not CYP-metabolized, and which statin has the longest duration of action?",Pravastatin is the exception (most other statins are CYP-metabolized); Rosuvastatin is the longest-acting statin.
Cardiovascular System (CVS),Part-22: Atherosclerosis & Dyslipidemia,High-Intensity Statins,"In which patients are high-intensity statins indicated, and what are the doses of Rosuvastatin and Atorvastatin used?","Indicated in ASCVD, LDL >190 mg/dL, or significant comorbidities; Rosuvastatin 20-40 mg or Atorvastatin 40-80 mg."
Cardiovascular System (CVS),Part-22: Atherosclerosis & Dyslipidemia,Ezetimibe,"What is the mechanism of Ezetimibe, and how is it used with statins?",It blocks intestinal fat (cholesterol) absorption; used as an add-on drug along with statins.
Cardiovascular System (CVS),Part-22: Atherosclerosis & Dyslipidemia,PCSK9 Inhibitors,"What are PCSK9 inhibitors, how are they administered, what do they lower, and give examples.","Monoclonal antibodies administered as subcutaneous injections; they lower LDL and Lipoprotein(a); examples are Alirocumab and Evolocumab. Inclisiran is a PCSK9 synthesis inhibitor (a different mechanism, also lowering LDL)."
Cardiovascular System (CVS),Part-22: Atherosclerosis & Dyslipidemia,Bempedoic Acid,What is the mechanism of Bempedoic acid?,"It is a competitive inhibitor of ATP citrate lyase, used as an add-on drug for dyslipidemia."
Cardiovascular System (CVS),Part-22: Atherosclerosis & Dyslipidemia,Bile Acid Binding Agents,"What are bile acid binding agents, give examples, and what other GI condition can they treat?",Cholestyramine and Colestipol; they cause excretion of bile acids and are also used to treat bile acid diarrheas.
Cardiovascular System (CVS),Part-22: Atherosclerosis & Dyslipidemia,Fibrates,"What is the mechanism and main indication of Fibrates, and what are their side effects?","PPAR-alpha agonists that reduce triglycerides (indicated when TG >500 mg/dL, as seen in type 1/type 4 hypercholesterolemia); side effects are myopathy and gallstones - hence they are not typically combined with statins."
Cardiovascular System (CVS),Part-22: Atherosclerosis & Dyslipidemia,Icosapent,"What does Icosapent lower, and how is it used with statins?",Lowers VLDL and triglycerides (TG); can be added to statins for patients with high TG.
Cardiovascular System (CVS),Part-22: Atherosclerosis & Dyslipidemia,Niacin (Vitamin B3),"What is the mechanism of Niacin, and what are its side effects?","Inhibits Hormone Sensitive Lipase, increasing HDL; side effects include flushing (due to increased prostaglandins), diabetes mellitus, gout, and cystoid macular edema (CME)."
Cardiovascular System (CVS),Part-22: Atherosclerosis & Dyslipidemia,Type-2 Familial Hypercholesterolemia Drugs,"What drugs are used specifically for Type-2 Familial Hypercholesterolemia (high LDL), and what are their mechanisms?","Evinacumab (activates LPL, lipoprotein lipase) and Lomitapide (an MTTP inhibitor)."
Cardiovascular System (CVS),Part-23: Heart Failure,Left Heart Failure - Pressure/Measurement,"What happens to pulmonary venous pressure in left heart failure, and how is it measured?","Pulmonary venous pressure increases (PCWP - Pulmonary Capillary Wedge Pressure - is increased), measured using a Swan-Ganz catheter."
Cardiovascular System (CVS),Part-23: Heart Failure,Left Heart Failure - Symptoms,What are the classic symptoms of left heart failure?,Orthopnea (shortness of breath on lying flat) and Paroxysmal Nocturnal Dyspnea (PND).
Cardiovascular System (CVS),Part-23: Heart Failure,Left Heart Failure - Signs & Histopathology,"What are the classic signs of left heart failure, and the histopathological finding in the alveoli?","Signs: Pulmonary edema (batwing sign on CXR), cough with pink frothy sputum. Histopathology: hemosiderin-laden macrophages ('heart failure cells') in the alveoli."
Cardiovascular System (CVS),Part-23: Heart Failure,Right Heart Failure - Signs & Symptoms,What are the classic signs and symptoms of right heart failure?,"Jugular venous distention (JVD), peripheral edema (ankle, sacral, or generalized), and ascites."
Cardiovascular System (CVS),Part-23: Heart Failure,Right Heart Failure - Organ Effects,"What organ effect is seen in right heart failure, and what is its descriptive name?","Congestive hepatomegaly, described as 'nutmeg liver'."
Cardiovascular System (CVS),Part-23: Heart Failure,Acute vs Chronic Heart Failure Treatment,How does heart failure management differ between the ACUTE setting and the CHRONIC setting?,"ACUTE heart failure: Beta-blockers are CONTRAINDICATED; positive inotropes are used instead - Dobutamine (β1 agonist) and Milrinone (PDE3 inhibitor); pulmonary edema is treated with diuretics, specifically IV Furosemide. CHRONIC heart failure: the goal is to prevent cardiac remodeling and reduce mortality, using the 4 pillars - ACE inhibitors/ARBs (RAAS blockade), Beta-blockers (Bisoprolol, Metoprolol, Carvedilol - now indicated, unlike in acute HF), Mineralocorticoid receptor antagonists (e.g., Spironolactone, Eplerenone), and SGLT2 inhibitors (e.g., Dapagliflozin, Empagliflozin)."
Cardiovascular System (CVS),Part-23: Heart Failure,ARNI in Heart Failure,"What is an ARNI, give an example, and what is its current role in heart failure management?",ARNI = Neprilysin inhibitor + ARB combination; example is Sacubitril + Valsartan; it is now used as first-line for RAAS blockade in heart failure.
Cardiovascular System (CVS),Part-23: Heart Failure,NYHA Functional Classification,Describe the four NYHA classes of dyspnea in heart failure.,"Class I: no limitation of physical activity. Class II: ordinary physical activity causes dyspnea. Class III: less than ordinary activity causes dyspnea (e.g., going to the washroom). Class IV: symptoms present at rest."
Cardiovascular System (CVS),Part-23: Heart Failure,NT-proBNP,"What triggers release of NT-proBNP, and what is its key diagnostic feature in heart failure?",Released when the ventricles are stretched; it has a high Negative Predictive Value (NPV).
Cardiovascular System (CVS),Part-23: Heart Failure,Echocardiography & EF Categories,"What is the investigation of choice for heart failure, and how are HFpEF, HFmrEF, and HFrEF defined by ejection fraction?",2D Echocardiography is the investigation of choice; HFpEF (preserved EF) > 50%; HFmrEF (mildly reduced EF) = 41-49%; HFrEF (reduced EF) < 40%.
Cardiovascular System (CVS),Part-23: Heart Failure,Other Drugs in HFrEF,"Name four additional drug classes/agents used in HFrEF beyond the four pillars, with an example for each.","1) BNP analogue: Nesiritide. 2) Direct guanylyl cyclase activator: Vericiguat. 3) Calcium sensitizers: Levosimendan, Pimobendan. 4) Direct myosin activator: Omecamtiv."
Cardiovascular System (CVS),"Part-24: Pharmacology (CCB, Vasodilators, RAAS Blockers, Beta Blockers)",CCB - DHP vs Non-DHP,How do DHP and Non-DHP calcium channel blockers differ in their site of action and side effects?,"DHPs (Amlodipine, Nifedipine, Nimodipine) act on vascular smooth muscle causing vasodilation, with side effects of reflex tachycardia and flushing. Non-DHPs (Diltiazem, Verapamil) act on L-type calcium channels of the heart, with side effects of AV block, constipation, and pedal edema."
Cardiovascular System (CVS),"Part-24: Pharmacology (CCB, Vasodilators, RAAS Blockers, Beta Blockers)",Nimodipine,In which specific clinical condition is Nimodipine (a DHP calcium channel blocker) used?,Subarachnoid hemorrhage (SAH).
Cardiovascular System (CVS),"Part-24: Pharmacology (CCB, Vasodilators, RAAS Blockers, Beta Blockers)",Verapamil - Specific Side Effects,What are the specific side effects unique to Verapamil?,"Gingival hyperplasia (also seen with Phenytoin and Cyclosporine - mnemonic 'PCV'), Hyperprolactinemia, and drug interactions via ATP-binding cassette transporters (P-glycoprotein inhibition), which increases levels of drugs like digoxin."
Cardiovascular System (CVS),"Part-24: Pharmacology (CCB, Vasodilators, RAAS Blockers, Beta Blockers)",Hydralazine,"What type of vasodilator is Hydralazine, and what are its notable side effects?",An arterial dilator; one of the 'SHIP' drugs (drugs causing drug-induced lupus); it is metabolized by acetylation.
Cardiovascular System (CVS),"Part-24: Pharmacology (CCB, Vasodilators, RAAS Blockers, Beta Blockers)",Nitroprusside,"What type of vasodilator is Nitroprusside, and what toxicity can it cause?","A venous dilator; on metabolism it releases cyanide, which can cause cyanide toxicity."
Cardiovascular System (CVS),"Part-24: Pharmacology (CCB, Vasodilators, RAAS Blockers, Beta Blockers)",Nitrates - Side Effects,What is the classic toxicity and tolerance phenomenon associated with Nitrates?,"Nitrates can cause methemoglobinemia. They also cause 'Monday morning sickness' in workers exposed to nitrates - tolerance develops across the work week, is lost over the weekend break, and re-exposure on Monday causes severe headache, dizziness, and flushing."
Cardiovascular System (CVS),"Part-24: Pharmacology (CCB, Vasodilators, RAAS Blockers, Beta Blockers)",RAAS Inhibitors - Common Side Effects,"What are the common side effects shared by RAAS inhibitors (ACE inhibitors, ARBs, Aliskiren)?","Hyperkalemia, Metabolic acidosis, Hypotension, Acute kidney injury, and Teratogenicity."
Cardiovascular System (CVS),"Part-24: Pharmacology (CCB, Vasodilators, RAAS Blockers, Beta Blockers)",ACE Inhibitors,"Which ACE inhibitors are NOT prodrugs, and what are the classic side effects of ACE inhibitors?","Captopril and Lisinopril are not prodrugs (most other ACE inhibitors are); side effects are dry cough and angioedema, both bradykinin-mediated."
Cardiovascular System (CVS),"Part-24: Pharmacology (CCB, Vasodilators, RAAS Blockers, Beta Blockers)",ARBs and Aliskiren,"Name examples of ARBs, and what is Aliskiren's mechanism?","ARBs: Losartan, Valsartan, Telmisartan. Aliskiren is a Direct Renin Inhibitor."
Cardiovascular System (CVS),"Part-24: Pharmacology (CCB, Vasodilators, RAAS Blockers, Beta Blockers)",ARBs - Additional Properties,What additional beneficial properties do ARBs have beyond angiotensin receptor blockade?,"A mild uricosuric effect; weak PPAR-gamma agonism (providing an insulin sensitivity benefit, maximal with Telmisartan); and TXA2 (thromboxane A2) inhibition."
Cardiovascular System (CVS),"Part-24: Pharmacology (CCB, Vasodilators, RAAS Blockers, Beta Blockers)",Ivabradine,"What is the mechanism of Ivabradine, and what is its characteristic side effect?",It inhibits the funny current in the SA node; side effect is visual (luminous) phenomena.
Cardiovascular System (CVS),"Part-24: Pharmacology (CCB, Vasodilators, RAAS Blockers, Beta Blockers)",Nicorandil,"What is the mechanism of Nicorandil, and what is its characteristic side effect?",It is a K+ channel opener; side effect is aphthous ulcers.
Cardiovascular System (CVS),"Part-24: Pharmacology (CCB, Vasodilators, RAAS Blockers, Beta Blockers)",Fasudil,What is the mechanism of Fasudil?,It is a Rho Kinase Inhibitor.
Cardiovascular System (CVS),"Part-24: Pharmacology (CCB, Vasodilators, RAAS Blockers, Beta Blockers)",Trimetazidine,"What is the mechanism of Trimetazidine, and what side effect can it cause?",A metabolic modulator (PFOX inhibitor) that shifts myocardial metabolism from fatty acid oxidation to glucose oxidation; it can aggravate movement disorders (extrapyramidal symptoms).
Cardiovascular System (CVS),"Part-24: Pharmacology (CCB, Vasodilators, RAAS Blockers, Beta Blockers)",Ranolazine,What is the mechanism of Ranolazine?,"It is a late inward Na+ channel blocker, used as a newer anti-anginal drug."
Cardiovascular System (CVS),"Part-24: Pharmacology (CCB, Vasodilators, RAAS Blockers, Beta Blockers)",Clonidine,"What is the mechanism of Clonidine, and what happens with chronic use?","A central alpha-2 agonist that reduces sympathetic outflow from the CNS; with chronic use, downregulation of presynaptic alpha-2 receptors occurs, causing rebound hypertension on abrupt stoppage. Other side effects include sedation/drowsiness and dry mouth."
Cardiovascular System (CVS),"Part-24: Pharmacology (CCB, Vasodilators, RAAS Blockers, Beta Blockers)",Beta1-Selective (Cardioselective) Blockers,"List examples of β1-selective (cardioselective) beta blockers, and in which patient populations are they preferred?","Atenolol, Betaxolol, Bisoprolol, Esmolol (short-acting, used in emergencies), Landiolol (very short-acting), Metoprolol, Nebivolol (most β1-selective, causes NO-mediated vasodilation); preferred in asthma, diabetes, and PAD (relatively safer than non-selective agents)."
Cardiovascular System (CVS),"Part-24: Pharmacology (CCB, Vasodilators, RAAS Blockers, Beta Blockers)",Beta Blockers with ISA,Which beta blockers have Intrinsic Sympathomimetic Activity (ISA)?,"Acebutolol, Celiprolol, and Pindolol."
Cardiovascular System (CVS),"Part-24: Pharmacology (CCB, Vasodilators, RAAS Blockers, Beta Blockers)",Non-Selective Beta Blockers,"List examples of non-selective (β1+β2) beta blockers, and in which conditions should they be avoided?","Nadolol (long-acting), Propranolol (lipophilic, has CNS effects), Timolol (used topically in glaucoma), and Pindolol (has ISA); avoid in asthma, COPD, and severe PAD."
Cardiovascular System (CVS),"Part-24: Pharmacology (CCB, Vasodilators, RAAS Blockers, Beta Blockers)",Alpha + Beta Blockers,"Which drugs are combined alpha and beta blockers, and what are their specific uses?","Carvedilol (used in heart failure, also has CCB-like activity) and Labetalol (used in hypertensive emergency and in pregnancy)."
Cardiovascular System (CVS),"Part-24: Pharmacology (CCB, Vasodilators, RAAS Blockers, Beta Blockers)",Other Beta Blockers,"What are Tilisolol and Sotalol, and what are their mechanisms?",Tilisolol is a K+ channel opener; Sotalol is a K+ channel blocker used as an antiarrhythmic.
Cardiovascular System (CVS),"Part-24: Pharmacology (CCB, Vasodilators, RAAS Blockers, Beta Blockers)",Uses of Beta Blockers,List the major clinical uses of beta blockers.,"Hypertension, ACS; rate control in atrial fibrillation; aortic dissection (IV Esmolol); glaucoma (topical Timolol); and for propranolol specifically - performance anxiety, thyroid storm/thyrotoxicosis, akathisia, migraine prophylaxis, and essential tremor."
Cardiovascular System (CVS),"Part-24: Pharmacology (CCB, Vasodilators, RAAS Blockers, Beta Blockers)",Beta Blockers Reducing Mortality in HFrEF,Which beta blockers reduce mortality in HFrEF?,"Bisoprolol, Metoprolol, and Carvedilol."
Cardiovascular System (CVS),"Part-24: Pharmacology (CCB, Vasodilators, RAAS Blockers, Beta Blockers)",Beta Blockers for Portal Hypertension Prophylaxis,Which beta blockers are used for portal hypertension prophylaxis (variceal bleeding prevention)?,"Nadolol, Propranolol, and Carvedilol."
Cardiovascular System (CVS),"Part-24: Pharmacology (CCB, Vasodilators, RAAS Blockers, Beta Blockers)",Contraindications to Beta Blockers,List the major contraindications to beta blocker use.,Bradycardia and AV block (2nd/3rd degree); acute decompensated heart failure; bronchial asthma (bronchoconstriction); severe peripheral vascular disease (vasoconstriction); diabetes mellitus (masks hypoglycemia symptoms except sweating); and Prinzmetal (variant) angina (may worsen coronary vasospasm due to unopposed alpha activity).
Cardiovascular System (CVS),"Part-24: Pharmacology (CCB, Vasodilators, RAAS Blockers, Beta Blockers)",Beta Blocker Toxicity Treatment,What is the drug of choice (DOC) for treating beta blocker toxicity?,Glucagon.
Cardiovascular System (CVS),Part-25: Hypertension,BP Classification (AHA 2025),"According to the updated AHA 2025 classification, what are the systolic/diastolic BP cutoffs for each category from Normal to Severe hypertension?",Normal: <120/<80 mmHg. Elevated: 120-129/<80 mmHg. Stage 1 hypertension: 130-139/80-89 mmHg. Stage 2 hypertension: ≥140/≥90 mmHg. Severe hypertension: >180 systolic and/or ≥120 diastolic mmHg.
Cardiovascular System (CVS),Part-25: Hypertension,BP Classification (ISH - older),"According to the older International Society of Hypertension (ISH) classification, what are the BP cutoffs for Grade 1 and Grade 2 hypertension?",Grade 1 hypertension: 140-159/90-99 mmHg. Grade 2 hypertension: ≥160/≥100 mmHg (this ISH classification differs slightly from the newer AHA 2025 staging).
Cardiovascular System (CVS),Part-25: Hypertension,When to Treat Hypertension,"When is lifestyle modification alone sufficient, versus when are drugs also needed?","Stage 1 hypertension without comorbidities: lifestyle modification alone. Stage 1 with comorbidities, or Stage 2 hypertension: drugs plus lifestyle modification."
Cardiovascular System (CVS),Part-25: Hypertension,1st Line Therapy by Age,"What is the first-line antihypertensive therapy for essential hypertension in patients younger than 55, versus older than 55?",Younger than 55 years: ACE inhibitor or ARB. Older than 55 years: Calcium Channel Blocker (DHP) or Thiazide diuretic.
Cardiovascular System (CVS),Part-25: Hypertension,Stepwise Therapy Escalation,"If first-line therapy does not control blood pressure, what is the stepwise escalation of drug therapy, and what defines/treats resistant hypertension?","Add a second drug: ACE/ARB + CCB; if still uncontrolled, add a third drug: ACE/ARB + CCB + Thiazide diuretic. If BP remains uncontrolled on 3 drugs including a diuretic, this is 'resistant hypertension' - add a Mineralocorticoid receptor antagonist (e.g., Spironolactone or Eplerenone) as the 4th drug."
Cardiovascular System (CVS),Part-25: Hypertension,HTN with Comorbidities - Drug Choice Table,"For each of the following comorbidities, which antihypertensive class is preferred (and which should be avoided, if applicable)? (1) DM/CKD/Nephrotic Syndrome/Scleroderma; (2) Gout; (3) Osteoporosis/Renal Stones; (4) Raynaud's/Cyclosporine-induced HTN/Asthma; (5) BPH; (6) Migraine/Thyrotoxicosis/Angina/Tremor/Anxiety.","(1) DM/CKD/Nephrotic Syndrome/Scleroderma: ACE inhibitor/ARB (renal protective). (2) Gout: ARB preferred (uricosuric effect); AVOID thiazides. (3) Osteoporosis/Renal Stones: Thiazide diuretics (decrease urinary calcium loss). (4) Raynaud's/Cyclosporine-induced HTN/Asthma: Calcium Channel Blockers (DHPs). (5) BPH: Alpha-1 blockers, e.g., Prazosin. (6) Migraine/Thyrotoxicosis/Angina/Tremor/Anxiety: Beta blockers."
Cardiovascular System (CVS),Part-25: Hypertension,Hypertensive Emergency vs Urgency,How do Hypertensive Emergency and Hypertensive Urgency differ in definition and management?,"Hypertensive EMERGENCY: severely elevated BP WITH acute hypertension-mediated organ damage (HMOD) - e.g., encephalopathy, stroke, ACS, acute LV failure/pulmonary edema, aortic dissection, AKI, eclampsia; managed with IV Labetalol or IV Nicardipine (IV Nitroprusside/Nitrates instead if the patient has CHF). Hypertensive URGENCY: severely elevated BP WITHOUT acute HMOD; managed with oral antihypertensives only (no IV therapy needed)."
