subject,deck,topic,front,back
Hematology,Part-1,Hematopoietic Cell Lines,What is the surface marker of the multipotent hematopoietic stem cell?,CD-34
Hematology,Part-1,Hematopoietic Cell Lines,What are the two main lineages arising from the multipotent hematopoietic stem cell?,Myeloid stem cell and lymphoid stem cell
Hematology,Part-1,Hematopoietic Cell Lines,What is the surface marker of the erythroblast and its PAS staining pattern?,CD-71; shows diffuse PAS positivity
Hematology,Part-1,Hematopoietic Cell Lines,What is a reticulocyte and what is its lifespan relevance?,An immature RBC containing residual RNA; it matures into the erythrocyte
Hematology,Part-1,Hematopoietic Cell Lines,What is the lifespan of a mature erythrocyte?,120 days
Hematology,Part-1,Hematopoietic Cell Lines,What are the surface markers of the megakaryoblast?,"CD-41, 42, 61"
Hematology,Part-1,Hematopoietic Cell Lines,What are the key features of platelets derived from megakaryocytes?,"No nucleus (radio-resistant), lifespan of 8 days, contain dense and alpha granules"
Hematology,Part-1,Hematopoietic Cell Lines,What is the mnemonic for dense (delta) granule contents in platelets?,"CASH: Calcium, ADP, Serotonin, Histamine"
Hematology,Part-1,Hematopoietic Cell Lines,Which condition is associated with absent dense granules in platelets?,Hermansky–Pudlak syndrome
Hematology,Part-1,Hematopoietic Cell Lines,What do platelet alpha granules contain?,"Fibrinogen, fibronectin, Von Willebrand factor, and Platelet factor 4 (PF4)"
Hematology,Part-1,Hematopoietic Cell Lines,What condition results from antibodies against platelet factor 4 (PF4)?,Heparin-induced thrombocytopenia (HIT)
Hematology,Part-1,Hematopoietic Cell Lines,Which condition is associated with absent alpha granules in platelets?,Gray platelet syndrome
Hematology,Part-1,Hematopoietic Cell Lines,What are the surface markers of the myeloblast?,"CD-13, 33, 117"
Hematology,Part-1,Hematopoietic Cell Lines,What are the three causes of increased neutrophils listed?,"Infection, sepsis, and leukemia (CML)"
Hematology,Part-1,Hematopoietic Cell Lines,In what two situations are eosinophils typically increased?,Parasitic infections and atopic disorders
Hematology,Part-1,Hematopoietic Cell Lines,In which condition are basophils characteristically increased?,Chronic myeloid leukemia (CML)
Hematology,Part-1,Hematopoietic Cell Lines,What are the surface markers of the monoblast and its cytochemical stain?,"CD-14, 64; stains positive with NSE (non-specific esterase)"
Hematology,Part-1,Hematopoietic Cell Lines,What are the distinguishing features of a monocyte?,Largest circulating WBC with a kidney-shaped nucleus
Hematology,Part-1,Hematopoietic Cell Lines,"Match the tissue macrophage to its organ: skin, liver, brain, bone.",Skin – Langerhans cells; Liver – Kupffer cells; Brain – Microglia; Bone – Osteoclasts
Hematology,Part-1,Hematopoietic Cell Lines,What markers/stains characterize the lymphoblast?,"TdT positive, CALLA (CD-10) positive, and PAS positive with a dot/blot pattern"
Hematology,Part-1,Hematopoietic Cell Lines,What are the distinguishing features of a lymphocyte among WBCs?,"Smallest WBC, highest nucleus:cytoplasm ratio, and the most radiosensitive blood cell"
Hematology,Part-1,Hematopoietic Cell Lines,What is the function and CD marker profile of B cells?,"Mediate humoral immunity and act as antigen presenting cells (APC); CD-19, PAX5"
Hematology,Part-1,Hematopoietic Cell Lines,What are the surface markers and morphologic features of plasma cells?,"CD-38, 138; clock-face chromatin and a perinuclear Golgi hof"
Hematology,Part-1,Hematopoietic Cell Lines,Which drug targets CD38 on plasma cells and in what disease is it used?,Daratumumab (anti-CD38); used in multiple myeloma
Hematology,Part-1,Hematopoietic Cell Lines,What is the function and pan marker of T cells?,Mediate cell-mediated immunity; pan T cell marker is CD-3
Hematology,Part-1,Hematopoietic Cell Lines,What is the marker of helper T cells and which MHC/cells do they interact with?,"CD-4; interacts with MHC II found on B cells, macrophages, and dendritic cells"
Hematology,Part-1,Hematopoietic Cell Lines,What is the marker of cytotoxic T cells and which MHC do they interact with?,"CD-8; interacts with MHC I, present on all nucleated cells except sperm and RBCs"
Hematology,Part-1,Hematopoietic Cell Lines,What are the markers of NK cells and their mechanism of killing?,"CD-16, 56, 94; destroy cells lacking MHC I (tumor/viral infected cells) via the perforin-granzyme mechanism, inducing apoptosis"
Hematology,Part-2,Diagnostic Techniques,What is another name for flow cytometry and what does it detect?,Immunophenotyping; used to detect CD markers in leukemias/lymphomas
Hematology,Part-2,Diagnostic Techniques,What are the two types of output from flow cytometry?,Scatter plot and histogram
Hematology,Part-2,Diagnostic Techniques,What is the difference between a scatter plot and a histogram in flow cytometry?,A scatter plot shows two CD markers simultaneously; a histogram shows only one CD marker
Hematology,Part-2,Diagnostic Techniques,Which cytochemical stain is used for lymphoblasts versus erythroblasts and what pattern does each show?,PAS stain: block/dot pattern in lymphoblasts and diffuse pattern in erythroblasts
Hematology,Part-2,Diagnostic Techniques,Which cytochemical stain is specific for myeloblasts?,MPO (myeloperoxidase)
Hematology,Part-2,Diagnostic Techniques,Which cytochemical stain is specific for monoblasts and monocytes?,NSE (non-specific esterase)
Hematology,Part-2,Diagnostic Techniques,Which technique detects chromosomal abnormalities/translocations in leukemias?,Fluorescence in situ hybridization (FISH)
Hematology,Part-2,Diagnostic Techniques,Complete the important CD marker list: blasts and T cells.,Blasts – CD-34; T cells – CD-3
Hematology,Part-2,Diagnostic Techniques,Complete the important CD marker list: B cells and helper T cells.,B cells – CD-19/CD-20/PAX5; Helper T cells – CD-4
Hematology,Part-2,Diagnostic Techniques,Complete the important CD marker list: cytotoxic T cells and NK cells.,Cytotoxic T cells – CD-8; NK cells – CD-16/CD-56/CD-94
Hematology,Part-2,Diagnostic Techniques,Complete the important CD marker list: myeloblast and monoblast.,Myeloblast – CD-13/CD-33/CD-117; Monoblast – CD-14/CD-64
Hematology,Part-2,Diagnostic Techniques,Complete the important CD marker list: megakaryocyte and plasma cell.,"Megakaryocyte – CD-41,42/CD-61; Plasma cell – CD-38/CD-138"
Hematology,Part-2,Diagnostic Techniques,What markers characterize the lymphoblast and what does CALLA stand for?,TdT/CD10; CALLA stands for Common ALL Antigen
Hematology,Part-2,Diagnostic Techniques,"On a WBC scatter plot (FSC vs SSC), how do lymphocytes appear?",Small cells with few granules – low FSC and low SSC
Hematology,Part-2,Diagnostic Techniques,"On a WBC scatter plot (FSC vs SSC), how do monocytes appear?",Larger cells with moderate complexity (intermediate FSC/SSC)
Hematology,Part-2,Diagnostic Techniques,"On a WBC scatter plot (FSC vs SSC), how do granulocytes appear?",Cells with many cytoplasmic granules – high SSC
Hematology,Part-2,Diagnostic Techniques,"In the example flow cytometry scatter plots shown, what four double-marker combinations are illustrated?",A: CD22 and TdT positive; B: CD19 and CD10 positive; C: CD34 and CD64 positive; D: CD33 and CD15 positive
Hematology,Part-2,Diagnostic Techniques,Which specific CD marker is used as the example for a flow cytometry histogram in the notes?,CD45 (illustrating that a histogram displays only one CD marker at a time)
Hematology,Part-3,RBC Basics,What is the sequence of erythroid maturation from stem cell to mature RBC?,Pluripotent hematopoietic stem cell → Proerythroblast (pronormoblast) → Erythroblast (normoblast) → Reticulocyte → Erythrocyte
Hematology,Part-3,RBC Basics,What organelle changes occur during erythroid maturation?,"The erythroblast loses its nucleus and some organelles, and the reticulocyte loses its remaining organelles to become an erythrocyte"
Hematology,Part-3,RBC Basics,How long does a reticulocyte typically spend in the marrow versus blood before becoming an erythrocyte?,Usually 3 days in the marrow and 1 day in the blood
Hematology,Part-3,RBC Basics,What percentage of circulating RBCs are normally reticulocytes?,About 1%
Hematology,Part-3,RBC Basics,What are the three stages of erythroblasts in order once hemoglobin synthesis starts?,Basophilic erythroblast → Polychromatophilic erythroblast → Orthochromatic erythroblast (early → intermediate → late)
Hematology,Part-3,RBC Basics,Which is the first cell to show hemoglobin on electron microscopy?,Pro-erythroblast
Hematology,Part-3,RBC Basics,Which is the first cell to show hemoglobin on light microscopy?,Polychromatophilic erythroblast
Hematology,Part-3,RBC Basics,Which is the first erythroid cell to enter peripheral circulation?,The reticulocyte
Hematology,Part-3,RBC Basics,Why are reticulocytes named as such and what stain is used to visualize them?,They contain a reticulum of RNA; visualized using a supravital stain (e.g. Brilliant Cresyl Blue) which also stains ribosomes
Hematology,Part-3,RBC Basics,What is the normal reticulocyte percentage and when is it increased?,Normal is 0.5–1.5%; increased in hemolytic anemias
Hematology,Part-3,RBC Basics,What is the formula for corrected reticulocyte count?,Corrected retic count = Retic count × (Patient's Hematocrit ÷ 45)
Hematology,Part-3,RBC Basics,What is the formula for Reticulocyte Production Index (RPI)?,RPI = Corrected Retic Count ÷ Maturation Factor
Hematology,Part-3,RBC Basics,What maturation factor is used for a hematocrit of 40% or more?,1
Hematology,Part-3,RBC Basics,What maturation factor is used for a hematocrit of 30–39.9%?,1.5
Hematology,Part-3,RBC Basics,What maturation factor is used for a hematocrit of 20–29.9%?,2
Hematology,Part-3,RBC Basics,What maturation factor is used for a hematocrit below 20%?,2.5
Hematology,Part-3,RBC Basics,What does an RPI less than 2 indicate?,Inadequate bone marrow response
Hematology,Part-3,RBC Basics,What is the preferred bone marrow aspiration/biopsy site in an adult versus a child?,Adult – Posterior superior iliac spine (PSIS); Child – Tibia
Hematology,Part-3,RBC Basics,Is thrombocytopenia a contraindication for bone marrow aspiration/biopsy?,"No, it is not a contraindication; however if platelet count is under 20,000/µL, platelet transfusion is recommended before the procedure to reduce bleeding risk"
Hematology,Part-3,RBC Basics,What are the names of the needles used for bone marrow aspiration and core biopsy?,Salah's needle and Klima's needle for aspiration; Jamshedi's needle for core biopsy
Hematology,Part-3,RBC Basics,At what gestational age does the yolk sac serve as the site of erythropoiesis?,3–6 weeks (primitive hematopoiesis)
Hematology,Part-3,RBC Basics,At what gestational age does the liver become the main hematopoietic site?,From 6 weeks onward
Hematology,Part-3,RBC Basics,At what gestational age does the spleen begin contributing to hematopoiesis?,From 9 weeks onward
Hematology,Part-3,RBC Basics,At what gestational age does bone marrow become the major hematopoietic site?,"From 18–20 weeks onward, and it continues after birth"
Hematology,Part-3,RBC Basics,Which organ is the main fetal hematopoietic organ until late gestation and which one dominates after birth?,Liver is the main fetal hematopoietic organ until late gestation; bone marrow fully dominates after birth
Hematology,Part-3,RBC Basics,Describe the temporal pattern of the alpha hemoglobin chain across life.,Alpha chain is present throughout life (always)
Hematology,Part-3,RBC Basics,Describe the temporal pattern of the gamma hemoglobin chain across life.,Gamma chain predominates in fetal hemoglobin and disappears (goes away) in adults
Hematology,Part-3,RBC Basics,Describe the temporal pattern of the beta hemoglobin chain across life.,Beta chain increases after birth
Hematology,Part-3,RBC Basics,What is the composition and normal adult percentage of HbA1?,α2β2; 95–98%
Hematology,Part-3,RBC Basics,What is the composition and normal adult percentage of HbA2?,α2δ2; 2–3%
Hematology,Part-3,RBC Basics,What is the composition and normal adult percentage of HbF?,α2γ2; less than 1% in adults
Hematology,Part-3,RBC Basics,What are the HbF and HbA2 findings in beta-thalassemia minor?,Mild increase in HbF; HbA2 greater than 3.5%
Hematology,Part-3,RBC Basics,What are the HbF and HbA findings in beta-thalassemia major?,Markedly high HbF; very low or absent HbA
Hematology,Part-4,WBC Basics,What is the full maturation sequence of the neutrophil lineage from blast to mature cell?,Myeloblast → Promyelocyte → Myelocyte → Metamyelocyte → Band/stab form → Mature neutrophil
Hematology,Part-4,WBC Basics,What characteristic feature is seen in the promyelocyte stage and in which leukemia is it increased?,Auer rods are seen; increased in Acute Promyelocytic Leukemia (APML)
Hematology,Part-4,WBC Basics,What is the nuclear shape of the myelocyte stage?,D-shaped nucleus
Hematology,Part-4,WBC Basics,What is the nuclear shape of the metamyelocyte stage and what mnemonic describes it?,"Kidney-shaped nucleus, referred to as ""meta-nephrons"""
Hematology,Part-4,WBC Basics,How many nuclear lobes does a mature neutrophil normally have?,3–4 nuclear lobes
Hematology,Part-4,WBC Basics,What is the LAP score and when is it performed?,"Leukocyte Alkaline Phosphatase Score; done on left shift of the WBC lineage, i.e. presence of immature neutrophil precursors in peripheral blood"
Hematology,Part-4,WBC Basics,What is the clinical utility of the LAP score?,It helps differentiate a leukemoid reaction from CML
Hematology,Part-4,WBC Basics,Is the LAP score increased or decreased in leukemoid reaction versus CML?,Increased in leukemoid reaction; decreased in CML (also decreased in PNH)
Hematology,Part-4,WBC Basics,Where is the LAP enzyme located within the neutrophil?,In the secondary (specific) granules of mature neutrophils
Hematology,Part-4,WBC Basics,What are toxic granules in neutrophils and when are they seen?,"Coarse, dark azurophilic cytoplasmic granules in neutrophils, seen in severe infection/inflammation"
Hematology,Part-4,WBC Basics,What are Döhle bodies and what do they represent?,"Pale blue cytoplasmic inclusions in neutrophils, representing dilated rough endoplasmic reticulum"
Hematology,Part-4,WBC Basics,What condition is indicated by a neutrophil with more than 5 lobes?,Hypersegmented neutrophil — associated with Vitamin B12/folate deficiency
Hematology,Part-4,WBC Basics,What is the numeric criterion for calling a neutrophil hypersegmented?,More than 5 lobes in 5% of neutrophils or more than 6 lobes in even a single cell
Hematology,Part-4,WBC Basics,What condition is indicated by neutrophils with fewer than 2 lobes?,Pelger–Huët anomaly
Hematology,Part-4,WBC Basics,What is the significance of pseudo-Pelger–Huët cells on a peripheral smear?,They are a classic peripheral smear clue for Myelodysplastic Syndrome (MDS)
Hematology,Part-4,WBC Basics,What do mast cell granules contain and what stain is used to visualize them?,Contain histamine; stained with toluidine blue
Hematology,Part-4,WBC Basics,What type of reaction results from IgE-mediated mast cell degranulation?,Anaphylactic reaction
Hematology,Part-4,WBC Basics,What type of reaction results from IgE-independent mast cell degranulation and what are common triggers?,"Anaphylactoid reaction; triggers include vancomycin (red man syndrome), opioids, and radiocontrast dye"
Hematology,Part-5,RBC Shapes and Disorders I,What are the key morphologic and lab findings in hereditary spherocytosis?,Loss of central pallor on the RBC and MCHC greater than 37 g/dl
Hematology,Part-5,RBC Shapes and Disorders I,Which mutation is most common in hereditary spherocytosis and which mutation causes the most severe presentation?,Ankyrin mutation is most common; presentation is most severe when associated with a Spectrin mutation
Hematology,Part-5,RBC Shapes and Disorders I,What is the inheritance pattern of hereditary spherocytosis?,Autosomal dominant (family history usually present)
Hematology,Part-5,RBC Shapes and Disorders I,"Besides hereditary spherocytosis, what are two other causes of spherocytes on a smear?","AIHA (most common cause, more so in adults) and G6PD deficiency"
Hematology,Part-5,RBC Shapes and Disorders I,What is the pathophysiologic consequence of increased osmotic fragility in hereditary spherocytosis?,"Extravascular hemolysis, leading to splenomegaly, jaundice, and pigmented gallstones"
Hematology,Part-5,RBC Shapes and Disorders I,What confirmatory test is used for hereditary spherocytosis and what is its mnemonic?,"EMA (Eosin-5-Maleimide) binding test; mnemonic: ""HEMA is fragile"""
Hematology,Part-5,RBC Shapes and Disorders I,What is the treatment of choice for hereditary spherocytosis and when is it performed?,"Splenectomy, performed after puberty"
Hematology,Part-5,RBC Shapes and Disorders I,Which membrane protein mutation is associated with hereditary elliptocytosis?,Spectrin mutation
Hematology,Part-5,RBC Shapes and Disorders I,What is the NESTROF test and what does the acronym stand for?,Naked Eye Single Tube RBC Osmotic Fragility test; a bedside screening test for thalassemia
Hematology,Part-5,RBC Shapes and Disorders I,What is the osmotic fragility finding in thalassemia and sickle cell anemia on the NESTROF test?,RBCs have lower (decreased) osmotic fragility and do not lyse
Hematology,Part-5,RBC Shapes and Disorders I,Define osmotic fragility.,The susceptibility of red blood cells to hemolysis when exposed to hypotonic saline
Hematology,Part-5,RBC Shapes and Disorders I,In which conditions is osmotic fragility increased versus decreased?,Increased in hereditary spherocytosis; decreased in thalassemia and iron deficiency
Hematology,Part-5,RBC Shapes and Disorders I,"How does mechanical fragility compare across hereditary spherocytosis, sickle cell anemia, and thalassemia?",Mechanical fragility is high in all of these conditions regardless of osmotic fragility differences
Hematology,Part-5,RBC Shapes and Disorders I,"On an osmotic fragility curve, do hereditary spherocytosis cells lyse early or late compared to sickle cell anemia/thalassemia major?",Hereditary spherocytosis cells lyse early; sickle cell anemia and thalassemia major cells lyse late
Hematology,Part-5,RBC Shapes and Disorders I,What MCV value defines megaloblastic anemia?,MCV greater than 100 fl
Hematology,Part-5,RBC Shapes and Disorders I,What neutrophil finding is characteristic of megaloblastic anemia?,"Segmented (hypersegmented) neutrophils — more than 5 lobes in 5% of cells, or more than 6 lobes in even a single cell"
Hematology,Part-5,RBC Shapes and Disorders I,What is a Cabot ring and what does it represent?,A microtubule spindle remnant seen in RBCs in megaloblastic anemia
Hematology,Part-5,RBC Shapes and Disorders I,What skin finding is associated with Vitamin B12 deficiency?,Knuckle hyperpigmentation
Hematology,Part-5,RBC Shapes and Disorders I,What is the role of folate in DNA synthesis and how is it linked to Vitamin B12?,"Folate is required for conversion of uracil to thymidine; Vitamin B12 is needed to regenerate active folate (""folate trap"" occurs in B12 deficiency)"
Hematology,Part-5,RBC Shapes and Disorders I,What are the hematologic consequences of folate or Vitamin B12 deficiency on the marrow?,Leads to pancytopenia and megaloblastic changes in the marrow; hence the reticulocyte count is low in megaloblastic anemia
Hematology,Part-5,RBC Shapes and Disorders I,What are causes of Vitamin B12 deficiency (per mnemonic listing)?,"Subacute combined degeneration (SACD) association, ileal disease, pernicious anemia, gastrectomy, and being vegan"
Hematology,Part-5,RBC Shapes and Disorders I,What are causes of folate deficiency (per mnemonic listing)?,"Junk food diet, alcohol use, and pregnancy"
Hematology,Part-5,RBC Shapes and Disorders I,"Besides B12/folate deficiency, what two other conditions cause megaloblastic anemia?","UMP Synthase deficiency (associated with orotic aciduria), and Fanconi anemia (associated with bone marrow failure)"
Hematology,Part-5,RBC Shapes and Disorders I,What combination of autoimmune conditions is termed Evans syndrome and with which leukemia is it associated?,AIHA + ITP is termed Evans syndrome; it is associated with CLL
Hematology,Part-6,RBC Shapes and Disorders II,What are target cells also called and what mnemonic lists their causes?,"Also called codocytes; mnemonic ""HALT"" — Hemoglobin C, Aspleenia, Liver disease, Thalassemia"
Hematology,Part-6,RBC Shapes and Disorders II,What are sickle cells also called and what mnemonic describes their appearance?,"Also called drepanocytes; described as looking like a ""drape silk saree"""
Hematology,Part-6,RBC Shapes and Disorders II,What splenic finding results from repeated sickling and what RBC inclusion is seen as a consequence?,"Autosplenectomy occurs, and Howell-Jolly bodies (nuclear remnants) are seen in asplenia"
Hematology,Part-6,RBC Shapes and Disorders II,What is Autoimmune Hemolytic Anemia (AIHA) and how is it confirmed?,"Hemolysis due to autoantibodies directed against RBC antigens; confirmed by a positive Direct Coombs Test (DCT), which detects antibodies on the RBC surface"
Hematology,Part-6,RBC Shapes and Disorders II,What does the Indirect Coombs Test detect and in which clinical scenarios is it used?,Detects free antibodies in the serum; used in antenatal testing and cross-matching
Hematology,Part-6,RBC Shapes and Disorders II,"In Warm AIHA, what antibody class is involved, at what temperature does it act, and what are the causes?","IgG antibody, acting at 37°C; caused by SLE, CLL, and drugs (beta-lactams, methyldopa)"
Hematology,Part-6,RBC Shapes and Disorders II,What is the treatment for Warm AIHA?,Steroids (first line); rituximab if refractory
Hematology,Part-6,RBC Shapes and Disorders II,"In Cold AIHA, what antibody class is involved, at what temperature does it act, and what are the causes?","IgM antibody, acting below 30°C; caused by Mycoplasma and EBV infection"
Hematology,Part-6,RBC Shapes and Disorders II,What is the treatment for Cold AIHA and why are steroids not preferred?,Avoid cold exposure; rituximab if refractory. Steroids are usually ineffective in Cold AIHA
Hematology,Part-6,RBC Shapes and Disorders II,What antibody causes Paroxysmal Cold Hemoglobinuria (PCH) and against what antigen is it directed?,The Donath–Landsteiner antibody (IgG) directed against the P antigen of RBCs
Hematology,Part-6,RBC Shapes and Disorders II,What is the unique temperature behavior of the Donath–Landsteiner antibody and what type of hemolysis results?,"It binds to RBCs at 0–4°C but causes hemolysis at 37°C, resulting in intravascular hemolysis"
Hematology,Part-6,RBC Shapes and Disorders II,What are acanthocytes (spur cells) and what conditions are they associated with?,"RBCs with irregular spines; associated with abetalipoproteinemia (MTTP gene), anemia of liver disease, and Vitamin E deficiency (fat malabsorption)"
Hematology,Part-6,RBC Shapes and Disorders II,What are echinocytes (burr cells) and what conditions are they associated with?,"RBCs with regular spines; associated with renal failure, burns, and pyruvate kinase deficiency"
Hematology,Part-6,RBC Shapes and Disorders II,What are teardrop cells (dacrocytes) and in what conditions are they seen?,"Teardrop-shaped RBCs seen in myelophthisis/myelofibrosis, along with a leucoerythroblastic picture and hepatosplenomegaly"
Hematology,Part-6,RBC Shapes and Disorders II,What are helmet cells (schistocytes) and what are their microangiopathic and macroangiopathic causes?,"Fragmented RBCs seen in MAHA; microangiopathic causes include HUS, TTP, HELLP, DIC; macroangiopathic cause is a prosthetic mitral valve"
Hematology,Part-6,RBC Shapes and Disorders II,What is the inheritance pattern of G6PD deficiency and what is the underlying biochemical defect?,X-linked recessive condition; NADPH (needed for anti-oxidant action) is not formed
Hematology,Part-6,RBC Shapes and Disorders II,What type(s) of hemolysis occur in G6PD deficiency and what stain is used to detect it?,"Both intravascular and extravascular hemolysis; a supravital stain is used, which stains denatured hemoglobin/RNA"
Hematology,Part-6,RBC Shapes and Disorders II,What are bite cells also called and what causes their formation?,Also called degmatocytes; caused by removal of Heinz bodies (denatured hemoglobin) by splenic macrophages ('dog bites' appearance)
Hematology,Part-6,RBC Shapes and Disorders II,What test is used to screen for G6PD deficiency and what does it demonstrate?,The Fluorescent Spot Test; it demonstrates lack of NADPH fluorescence (reduced fluorescence) via the HMP shunt pathway
Hematology,Part-6,RBC Shapes and Disorders II,What drugs/foods precipitate oxidative hemolysis in G6PD deficiency?,"Dapsone, sulfa drugs, primaquine, and fava beans"
Hematology,Part-6,RBC Shapes and Disorders II,What is the underlying defect in sideroblastic anemia?,The heme component of hemoglobin cannot be formed properly
Hematology,Part-6,RBC Shapes and Disorders II,Where does iron accumulate in sideroblastic anemia and what is this finding called on bone marrow exam?,"Iron accumulates in mitochondria around the nucleus of erythroblasts, seen as ring sideroblasts in the bone marrow"
Hematology,Part-6,RBC Shapes and Disorders II,What are the three causes of sideroblastic anemia?,"ALA Synthase deficiency (X-linked recessive condition), Vitamin B6 deficiency (cofactor for ALA synthase; can be caused by INH/isoniazid), and lead poisoning (inhibits ALA dehydratase and Ferrochelatase)"
Hematology,Part-6,RBC Shapes and Disorders II,What smear finding is described as coarse basophilic stippling and what stain highlights iron-related inclusions in sideroblastic anemia?,"Basophilic stippling is a coarse granular pattern in RBCs; Perl's/Prussian blue stain highlights iron deposits (ringed sideroblasts, Pappenheimer bodies)"
Hematology,Part-7,Anemia Classification and Approach,"What are the hemoglobin cut-offs defining anemia in men, women, and pregnancy?",Male: less than 13 g/dL; Female: less than 12 g/dL; Pregnancy: less than 11 g/dL
Hematology,Part-7,Anemia Classification and Approach,How is anemia classified based on MCV and what are the cut-offs?,"Microcytic (MCV less than 80 fl), Normocytic (MCV 80–100 fl), Macrocytic (MCV greater than 100 fl)"
Hematology,Part-7,Anemia Classification and Approach,What is the mnemonic SITA for causes of microcytic anemia?,"Sideroblastic anemia, Iron deficiency anemia (IDA), Thalassemia, Anemia of chronic disease (AOCD)"
Hematology,Part-7,Anemia Classification and Approach,"Within normocytic anemia, how are hemolytic and non-hemolytic anemia distinguished by reticulocyte response?",Hemolytic anemia shows an increased/compensatory reticulocyte count (typically >2%); non-hemolytic anemia shows a normal or low reticulocyte index
Hematology,Part-7,Anemia Classification and Approach,What are the four listed causes of non-hemolytic normocytic anemia?,"Aplastic anemia, CKD (due to EPO deficiency), Anemia of chronic disease (AOCD), and early iron deficiency"
Hematology,Part-7,Anemia Classification and Approach,What are the three categories of membrane defects causing intrinsic (RBC defect) hemolytic anemia and their inheritance?,"Hereditary spherocytosis (AD), Hereditary elliptocytosis (AD), and PNH (acquired)"
Hematology,Part-7,Anemia Classification and Approach,What are the two enzyme defects causing intrinsic hemolytic anemia and their inheritance?,G6PD deficiency (X-linked recessive) and Pyruvate kinase deficiency (autosomal recessive)
Hematology,Part-7,Anemia Classification and Approach,What are the three hemoglobinopathies causing intrinsic hemolytic anemia and their inheritance?,"Sickle cell disease (AR), Hemoglobin C disease (AR), and Thalassemia (AR)"
Hematology,Part-7,Anemia Classification and Approach,What are the two categories of extrinsic hemolytic anemia and their causes?,Immune (AIHA) and Mechanical/Microangiopathic (MAHA)
Hematology,Part-7,Anemia Classification and Approach,What lab findings characterize intravascular hemolysis and what are its causes?,"Markedly increased LDH, markedly decreased haptoglobin, and hemoglobinuria; caused by PNH and MAHA"
Hematology,Part-7,Anemia Classification and Approach,What lab and clinical findings characterize extravascular hemolysis and where does it occur?,"Occurs in macrophages of the spleen/liver; findings include mild-moderately increased LDH, increased unconjugated bilirubin, splenomegaly, and pigment gallstones; caused by every other cause of hemolytic anemia"
Hematology,Part-7,Anemia Classification and Approach,Which two conditions show features of both intravascular and extravascular hemolysis?,G6PD deficiency and Sickle cell disease
Hematology,Part-7,Anemia Classification and Approach,What are the four listed causes of megaloblastic macrocytic anemia?,"Vitamin B12 deficiency, Folate deficiency, Orotic aciduria (UMP Synthase deficiency), and Fanconi anemia"
Hematology,Part-7,Anemia Classification and Approach,What are the five listed causes of non-megaloblastic macrocytic anemia?,"Alcohol use, Hypothyroidism, Aplastic anemia, Reticulocytosis, and Diamond-Blackfan anemia"
Hematology,Part-7,Anemia Classification and Approach,What is the underlying defect in Fanconi anemia and what are its key clinical features?,"A DNA repair defect; features include pancytopenia, short stature, café-au-lait macules, and radial ray abnormalities (absent or hypoplastic radius/thumb)"
Hematology,Part-7,Anemia Classification and Approach,What are the key clinical features of Diamond-Blackfan syndrome?,"Pure red cell aplasia, triphalangeal thumb, craniofacial anomalies, and presentation in infancy"
Hematology,Part-7,Anemia Classification and Approach,"Besides aplastic anemia, CKD, AOCD, and early iron deficiency, what other entity is listed as a cause of non-hemolytic normocytic anemia?",Pure Red Cell Aplasia (PRCA)
Hematology,Part-8,Specific Anemias Microcytic,Describe the pathway of dietary iron absorption from gut lumen to storage.,"Dietary Fe3+ is reduced to Fe2+ by intestinal enzymes, enters via DMT-1, is exported out of the enterocyte via ferroportin (inhibited by hepcidin), transferred in blood as transferrin, and stored as ferritin"
Hematology,Part-8,Specific Anemias Microcytic,What is the pathophysiology of iron overload in hereditary hemochromatosis?,"Mutation in the HFE gene leads to inadequate hepcidin production, so ferroportin remains active, causing excess iron absorption from the intestine and progressive iron overload"
Hematology,Part-8,Specific Anemias Microcytic,"How does serum iron differ across IDA, AOCD, sideroblastic anemia, and OCP use?",IDA: decreased (iron stores depleted); AOCD: decreased (iron trapped in macrophages); Sideroblastic anemia: increased; OCP use: normal
Hematology,Part-8,Specific Anemias Microcytic,"How does transferrin/TIBC differ across IDA, AOCD, sideroblastic anemia, and OCP use?",IDA: increased (hungry for more iron); AOCD: decreased (not hungry for iron); Sideroblastic anemia: decreased; OCP use: markedly increased
Hematology,Part-8,Specific Anemias Microcytic,"How does ferritin (an acute phase reactant) differ across IDA, AOCD, sideroblastic anemia, and OCP use?",IDA: decreased (iron stores depleted); AOCD: increased (acute phase reactant); Sideroblastic anemia: increased; OCP use: normal
Hematology,Part-8,Specific Anemias Microcytic,"How does transferrin saturation differ across IDA, AOCD, sideroblastic anemia, and OCP use?",IDA: markedly decreased (no iron to bind); AOCD: decreased (circulating iron is low); Sideroblastic anemia: markedly increased; OCP use: decreased
Hematology,Part-8,Specific Anemias Microcytic,What is the Mentzer index formula and its cutoff to distinguish IDA from thalassemia minor?,"Mentzer index = MCV divided by RBC count; less than 13 suggests thalassemia minor, greater than 13 suggests IDA"
Hematology,Part-8,Specific Anemias Microcytic,How does RDW differ between IDA and thalassemia minor?,RDW is increased in IDA and low (normal) in thalassemia minor
Hematology,Part-8,Specific Anemias Microcytic,What is the confirmatory test for thalassemia and what HbA2/HbF findings support thalassemia minor versus major?,"HPLC is the confirmatory test; HbA2 is increased (greater than 2%) in thalassemia minor, while HbF is increased in thalassemia major"
Hematology,Part-8,Specific Anemias Microcytic,What is considered the best test to definitively confirm thalassemia?,DNA sequencing
Hematology,Part-8,Specific Anemias Microcytic,How many alpha-globin genes are normally present and on which chromosome are they located?,4 alpha-globin genes total (2 on each copy of chromosome 16)
Hematology,Part-8,Specific Anemias Microcytic,What is the clinical picture with a single alpha-globin allele deletion?,Alpha-thalassemia minima — asymptomatic
Hematology,Part-8,Specific Anemias Microcytic,What is the clinical picture with two alpha-globin allele deletions?,Alpha-thalassemia minor — mild anemia (IDA-like)
Hematology,Part-8,Specific Anemias Microcytic,What is the clinical picture with three alpha-globin allele deletions?,"HbH disease — severe anemia, splenomegaly, and formation of β4 hemoglobin producing golf ball inclusions"
Hematology,Part-8,Specific Anemias Microcytic,What is the clinical picture with four alpha-globin allele deletions?,"Hb Bart's disease — Hb Bart's is γ4 tetramer, causing hydrops fetalis and intrauterine death (mnemonic: ""Bart – no birth"")"
Hematology,Part-8,Specific Anemias Microcytic,How many beta-globin genes are normally present and where is the defect located in beta thalassemia?,2 beta-globin genes present; caused by a splicing defect on chromosome 11
Hematology,Part-8,Specific Anemias Microcytic,What is the clinical picture of beta-thalassemia minor (trait)?,One abnormal allele plus one normal allele; causes mild anemia (IDA-like) with increased HbA2
Hematology,Part-8,Specific Anemias Microcytic,What is the clinical picture of beta-thalassemia major (Cooley's anemia)?,"Both beta-globin alleles are abnormal or absent, causing severe anemia with increased HbF, jaundice, hepatosplenomegaly, and transfusion dependence"
Hematology,Part-8,Specific Anemias Microcytic,What radiologic and facial findings are classically seen in beta-thalassemia major?,"""Hair on end"" skull X-ray appearance, chipmunk facies, and mediastinal extramedullary hematopoiesis"
Hematology,Part-8,Specific Anemias Microcytic,Which specific beta-globin splicing mutation is noted as most common in India?,The IVS1-5 G→C splicing mutation
Hematology,Part-8,Specific Anemias Microcytic,What is the approximate normal value for transferrin saturation?,Approximately 33%
Hematology,Part-9,Specific Anemias Hemolytic,"On hemoglobin electrophoresis, what pattern is seen in a normal adult (AA) versus a normal newborn (AF)?","AA shows normal adult hemoglobin; AF shows normal newborn hemoglobin (HbF, α2γ2), which has more affinity for O2"
Hematology,Part-9,Specific Anemias Hemolytic,"What are the electrophoresis patterns and clinical associations of AS, SS, AC, CC, and SC genotypes?","AS: sickle cell trait (risk of medullary RCC, protective against malaria); SS: sickle cell anemia; AC: hemoglobin C trait; CC: hemoglobin C disease; SC: hemoglobin S-C disease"
Hematology,Part-9,Specific Anemias Hemolytic,What is the composition and normal adult percentage of HbA1 and HbA2 (per hemoglobin electrophoresis notes)?,"HbA1 (α2β2) is about 90% of adult Hb; HbA2 (α2δ2) is 2–5% of adult Hb, and is raised in thalassemia minor"
Hematology,Part-9,Specific Anemias Hemolytic,What point mutation causes sickle cell anemia and what is the mnemonic for it?,"Glutamate is replaced by Valine; mnemonic: ""Glutamate go, Valine welcome"""
Hematology,Part-9,Specific Anemias Hemolytic,What point mutation causes Hemoglobin C disease and what is the mnemonic for it?,"Glutamate is replaced by Lysine; mnemonic: ""Ly'C'ine"""
Hematology,Part-9,Specific Anemias Hemolytic,"What mnemonic helps recall the order of hemoglobin bands (C, S, F, A) from the origin on electrophoresis?","""A Fat Santa Clause"" — read in reverse order (Clause, Santa, Fat, A) it gives C, S, F, A, the migration order from the origin"
Hematology,Part-9,Specific Anemias Hemolytic,What are the precipitating factors for sickle cell crises and their pathophysiologic effect?,"Hypoxia and acidosis, which cause RBC sickling and microvascular occlusion"
Hematology,Part-9,Specific Anemias Hemolytic,What is the metabisulfite test used for in sickle cell disease?,It is a screening test that creates a hypoxic environment to demonstrate RBC sickling
Hematology,Part-9,Specific Anemias Hemolytic,What are the vaso-occlusive crisis manifestations of sickle cell disease?,"Dactylitis (hand-foot syndrome), priapism, acute chest syndrome, avascular necrosis (especially of the femoral head), stroke, and renal papillary necrosis"
Hematology,Part-9,Specific Anemias Hemolytic,What are the treatment options for sickle cell disease and their mechanisms?,"Hydroxyurea (increases HbF), Voxelotor (increases Hb affinity for O2), Crizanlizumab (P-selectin inhibitor), and supportive care (hydration, analgesics, oxygen)"
Hematology,Part-9,Specific Anemias Hemolytic,What is the normal function of CD55 and CD59 on RBCs?,They prevent complement-mediated destruction of RBCs (CD59 is also known as MIRL)
Hematology,Part-9,Specific Anemias Hemolytic,What is the molecular defect in Paroxysmal Nocturnal Hemoglobinuria (PNH)?,Inactivation of CD55 and CD59 due to a PIGA gene mutation affecting the GPI anchor
Hematology,Part-9,Specific Anemias Hemolytic,What triggers hemolysis in PNH and by what mechanism?,Reduced pH at night causes complement-mediated intravascular lysis of RBCs
Hematology,Part-9,Specific Anemias Hemolytic,What hematologic malignancies/conditions is PNH associated with?,Both pancytopenia and (rarely) leukemia
Hematology,Part-9,Specific Anemias Hemolytic,What thrombotic complication is PNH associated with and what is its significance?,"Thrombosis, including Budd-Chiari syndrome, which is the most common cause of death in PNH"
Hematology,Part-9,Specific Anemias Hemolytic,What are the screening tests for PNH?,"Ham's acidified serum test, sucrose lysis test, and Gel Card test"
Hematology,Part-9,Specific Anemias Hemolytic,What is the investigation of choice for diagnosing PNH?,Flow cytometry / FLAER
Hematology,Part-9,Specific Anemias Hemolytic,What is the treatment for PNH and what prophylaxis is required?,Eculizumab or Ravulizumab (C5 inhibitors); prophylaxis against encapsulated organisms is required
Hematology,Part-10,Approach to Pancytopenia,What are the two main branch points in the approach to pancytopenia?,"Presence or absence of hepatosplenomegaly (HSM), and whether the marrow is hypercellular or shows a dry tap"
Hematology,Part-10,Approach to Pancytopenia,"In pancytopenia with hepatosplenomegaly, what does a hypercellular marrow versus a dry tap suggest?",Hypercellular marrow suggests leukemia; a dry tap suggests myelofibrosis
Hematology,Part-10,Approach to Pancytopenia,What are the WHO and FAB blast percentage criteria for diagnosing leukemia?,WHO classification: 20% or more blasts in bone marrow or peripheral blood; FAB classification: 30% or more blasts
Hematology,Part-10,Approach to Pancytopenia,What are the characteristic bone marrow/smear findings in myelofibrosis?,"Bone marrow infiltration, a leukoerythroblastic picture, and tear drop cells (dacrocytes)"
Hematology,Part-10,Approach to Pancytopenia,What drives fibrosis in myelofibrosis and what stain confirms it?,"TGF-β stimulates fibroblast proliferation leading to marrow fibrosis, confirmed using a reticulin stain"
Hematology,Part-10,Approach to Pancytopenia,What symptom is classically caused by the hepatosplenomegaly of myelofibrosis/leukemia?,A dragging sensation in the abdomen
Hematology,Part-10,Approach to Pancytopenia,"In pancytopenia without hepatosplenomegaly, what does a hypercellular marrow versus a dry tap suggest?",Hypercellular marrow suggests myelodysplasia (MDS); a dry tap suggests aplastic anemia
Hematology,Part-10,Approach to Pancytopenia,What are the characteristic bone marrow findings in myelodysplastic syndrome (MDS)?,Pawn ball megakaryocytes and pseudo Pelger-Huët cells
Hematology,Part-10,Approach to Pancytopenia,What is the blast percentage cutoff in MDS and what mutations are commonly associated with it?,"Marrow blasts are less than 20%, with defined mutations including 5q deletion (seen in elderly patients), SF3B1, and p53; monosomy of chromosome 7 is most common in children"
Hematology,Part-10,Approach to Pancytopenia,How do primary MDS and therapy-related MDS differ in course and prognosis?,Primary MDS is seen in the elderly and develops slowly; therapy-related MDS occurs after chemotherapy/radiotherapy and has a poor prognosis
Hematology,Part-10,Approach to Pancytopenia,What is the risk of progression to AML in MDS?,About 50%
Hematology,Part-10,Approach to Pancytopenia,What is the characteristic bone marrow finding that defines aplastic anemia?,More than 50% fat cells in the bone marrow
Hematology,Part-10,Approach to Pancytopenia,What is the congenital cause of aplastic anemia and what causes pure red cell aplasia?,Fanconi anemia is the congenital cause of aplastic anemia; Parvovirus B19 causes pure red cell aplasia
Hematology,Part-10,Approach to Pancytopenia,What is the most common cause of agranulocytosis and what other causes of aplastic anemia are listed?,"Drug toxicity is the most common cause of agranulocytosis; other causes of aplastic anemia include viral infections (EBV, HIV, hepatitis) and radiation"
Hematology,Part-11,Approach to Leukemia,What are the two major divisions of leukemia based on clinical course?,Chronic leukemia and Acute leukemia
Hematology,Part-11,Approach to Leukemia,What are the two types of chronic leukemia based on cell lineage and what mnemonics describe their typical patient/smear appearance?,"CLL (lymphocytic, described as a ""convent school girl"" appearance) and CML (myeloid, described as a ""college party/garden party"" appearance)"
Hematology,Part-11,Approach to Leukemia,What are the key epidemiologic and cytogenetic features of CLL?,Most common leukemia in adults and Western countries; associated with 13q deletion; not associated with radiation exposure
Hematology,Part-11,Approach to Leukemia,What smear finding is characteristic of CLL and is it a true finding or artefact?,Smudge cells — a processing artefact seen on smear
Hematology,Part-11,Approach to Leukemia,What staging system is used for CLL?,Binet or Rai staging
Hematology,Part-11,Approach to Leukemia,What is the investigation of choice for CLL/all NHL and the treatment for CLL?,Flow cytometry is the investigation of choice; Fludarabine is the treatment
Hematology,Part-11,Approach to Leukemia,What is the classic clinical hallmark of CML?,Massive splenomegaly
Hematology,Part-11,Approach to Leukemia,What is the Philadelphia chromosome and its molecular weight/fusion gene in CML?,"t(9;22), 210 kD, also known as t(BCR:ABL)"
Hematology,Part-11,Approach to Leukemia,Which signaling pathway is activated in CML?,JAK-STAT pathway
Hematology,Part-11,Approach to Leukemia,What characteristic cells are seen on bone marrow in CML?,Pseudo-Gaucher cells
Hematology,Part-11,Approach to Leukemia,What is the investigation of choice and treatment for CML?,"IOC: FISH for t(9;22); Treatment: Tyrosine kinase inhibitors (Imatinib, Dasatinib)"
Hematology,Part-11,Approach to Leukemia,What are the two types of acute leukemia by age predominance and what is the predominant blast cell type in each?,ALL predominantly affects children (lymphoblasts); AML predominantly affects adults (myeloblasts)
Hematology,Part-11,Approach to Leukemia,What are the diagnostic markers/stains for ALL?,"TdT positive, CALLA (CD10) positive, and PAS stain showing a dot-blot pattern"
Hematology,Part-11,Approach to Leukemia,What are the diagnostic markers/stains for AML?,"CD-13, CD-33, CD-117; positive for MPO and Sudan Black B"
Hematology,Part-11,Approach to Leukemia,What are the poor prognostic factors in ALL?,Age less than 1 year or greater than 10 years; t(9;22)-190kD; T-cell type (with brain/testes/mediastinum involvement); L2 or L3 morphology
Hematology,Part-11,Approach to Leukemia,What are the good prognostic factors in ALL?,Pre-B cell type; L1 morphology; hyperdiploidy; and t(12;21)
Hematology,Part-11,Approach to Leukemia,Which leukemia is most common in children and in Down syndrome overall?,Acute Lymphoblastic Leukemia (ALL) for both
Hematology,Part-11,Approach to Leukemia,Which leukemia is most common in Down syndrome patients under 3 years of age?,AML-M7 (acute megakaryoblastic leukemia)
Hematology,Part-11,Approach to Leukemia,Which leukemia is most common in adults and with radiation exposure?,Acute Myeloid Leukemia (AML) for both
Hematology,Part-11,Approach to Leukemia,Which leukemia is most common in the elderly and in Western countries?,Chronic Lymphocytic Leukemia (CLL) for both
Hematology,Part-11,Approach to Leukemia,Which leukemia is NOT associated with radiation and which is associated with deletion of 13q?,CLL is not associated with radiation and is the leukemia associated with deletion of 13q
Hematology,Part-12,Leukemia Continued,What are the three phases of Chronic Myeloid Leukemia (CML)?,"Chronic phase, Accelerated phase, and Blast crisis (blast phase)"
Hematology,Part-12,Leukemia Continued,What are the diagnostic criteria for the accelerated phase of CML?,"Blasts 15–30% in blood or bone marrow, persistent thrombocytopenia (less than 100,000) unrelated to therapy, basophils ≥20% in peripheral blood, splenomegaly unresponsive to therapy, and clonal evolution while on therapy"
Hematology,Part-12,Leukemia Continued,What are the diagnostic criteria for blast phase (blast crisis) of CML?,Blasts ≥20% in blood or bone marrow with extramedullary proliferation
Hematology,Part-12,Leukemia Continued,What defines AML subtype M0 in the WHO-FAB classification?,Undifferentiated acute myeloid leukemia
Hematology,Part-12,Leukemia Continued,What defines AML subtype M1?,Immature AML with minimal granulocytic differentiation
Hematology,Part-12,Leukemia Continued,What defines AML subtype M2 and what cytogenetic abnormality is associated with it?,AML with granulocytic differentiation; presents as chloroma; most commonly associated with t(8;21); MPO positive
Hematology,Part-12,Leukemia Continued,"What defines AML subtype M3 (APML) including its cytogenetics, complication, and treatment?",Acute Promyelocytic Leukemia; associated with DIC and t(15;17) (PML-RARA fusion); treated with ATRA (All-Trans Retinoic Acid)
Hematology,Part-12,Leukemia Continued,What defines AML subtypes M4 and M5?,M4 is associated with inv(16) and gum infiltration; M5 also shows gum infiltration; both are monocytic subtypes (NSE positive) and can cause leukemia cutis
Hematology,Part-12,Leukemia Continued,What defines AML subtype M6?,"Erythroblastic leukemia; CD71 positive, PAS diffusely positive"
Hematology,Part-12,Leukemia Continued,What defines AML subtype M7 and what syndrome is it associated with?,Acute megakaryoblastic leukemia; associated with Down syndrome and a dry tap on bone marrow aspiration
Hematology,Part-12,Leukemia Continued,What are Faggot cells and in which leukemia are they seen?,Cells containing bundles of Auer rods; seen in Acute Promyelocytic Leukemia (APML)
Hematology,Part-12,Leukemia Continued,What is differentiation syndrome and which drug causes it?,A side effect of ATRA (used for APML) presenting with fever and bilateral lung infiltrates; treated with steroids (drug of choice)
Hematology,Part-12,Leukemia Continued,What is the classic clinical presentation of hairy cell leukemia?,Splenomegaly with pancytopenia
Hematology,Part-12,Leukemia Continued,What bone marrow finding and cytochemical stain are characteristic of hairy cell leukemia?,"A dry tap on bone marrow aspiration, and a positive TRAP (tartrate-resistant acid phosphatase) stain"
Hematology,Part-12,Leukemia Continued,Which gene mutation is associated with hairy cell leukemia?,BRAF mutation
Hematology,Part-12,Leukemia Continued,What are the immunohistochemical markers of hairy cell leukemia?,"Annexin A1 (most specific and sensitive) and CD11c, CD25, CD103"
Hematology,Part-12,Leukemia Continued,"What is Annexin V a marker of, in contrast to Annexin A1?",Annexin V is a marker for apoptosis (not specific to hairy cell leukemia like Annexin A1)
Hematology,Part-12,Leukemia Continued,Which part of the spleen does hairy cell leukemia affect and what infection is associated with it?,Affects the red pulp of the spleen; associated with MAC (Mycobacterium avium complex) infections
Hematology,Part-12,Leukemia Continued,What is the drug of choice for hairy cell leukemia?,Cladribine
Hematology,Part-12,Leukemia Continued,What five conditions classically show a 'fried-egg' appearance?,"Hairy cell leukemia (on bone marrow biopsy), Oligodendroglioma (with 1p/19q codeletion), Seminoma/Dysgerminoma, Mycoplasma pneumoniae (colonies on culture), and Malassezia furfur (yeast on microscopy)"
Hematology,Part-12,Leukemia Continued,"Besides ATRA, what other drug is used in the treatment of APML (AML M3) and what is ATRA's approximate success rate?",Arsenic trioxide (As2O3) is also used; ATRA achieves approximately 90% success/response rate
Hematology,Part-13,Lymphomas HL vs NHL Overview,How does lymph node involvement typically differ between Hodgkin Lymphoma (HL) and Non-Hodgkin Lymphoma (NHL)?,HL typically involves a single axial group of nodes (most commonly post-cervical); NHL typically involves multiple lymph node groups
Hematology,Part-13,Lymphomas HL vs NHL Overview,How does the pattern of spread differ between HL and NHL?,HL spreads in an orderly fashion by contiguity; NHL spreads in a non-contiguous pattern
Hematology,Part-13,Lymphomas HL vs NHL Overview,What are the common nodal sites for HL versus NHL?,HL mainly involves cervical/mediastinal nodes; NHL commonly involves mesenteric nodes and the Waldeyer ring
Hematology,Part-13,Lymphomas HL vs NHL Overview,How common is extranodal involvement in HL versus NHL?,Rare in HL; very common in NHL
Hematology,Part-13,Lymphomas HL vs NHL Overview,How does the prognosis compare between HL and NHL?,HL generally has a better prognosis; NHL generally has a worse prognosis
Hematology,Part-13,Lymphomas HL vs NHL Overview,What is the standard chemotherapy regimen for Hodgkin Lymphoma and what does the acronym stand for?,"ABVD: Adriamycin, Bleomycin, Vinblastine, Dacarbazine"
Hematology,Part-13,Lymphomas HL vs NHL Overview,What is the standard chemotherapy regimen for Non-Hodgkin Lymphoma and what does the acronym stand for?,"R-CHOP: Rituximab, Cyclophosphamide, Doxorubicin, Vincristine, Prednisone"
Hematology,Part-13,Lymphomas HL vs NHL Overview,What staging system is used for both HL and NHL?,Modified Ann Arbor staging (Cotswolds staging)
Hematology,Part-13,Lymphomas HL vs NHL Overview,What defines Ann Arbor Stage I lymphoma?,A single lymph node region or a single extralymphatic organ (IE)
Hematology,Part-13,Lymphomas HL vs NHL Overview,What defines Ann Arbor Stage II lymphoma?,Two or more lymph node regions on the same side of the diaphragm
Hematology,Part-13,Lymphomas HL vs NHL Overview,What defines Ann Arbor Stage III lymphoma?,Lymph nodes involved on both sides of the diaphragm
Hematology,Part-13,Lymphomas HL vs NHL Overview,What defines Ann Arbor Stage IV lymphoma?,"Diffuse or disseminated extranodal involvement (e.g. bone marrow, liver)"
Hematology,Part-13,Lymphomas HL vs NHL Overview,"What does the special suffix ""B"" indicate in Ann Arbor staging and what does it comprise?","Presence of B symptoms (constitutional symptoms): fever, night sweats, and unintentional weight loss"
Hematology,Part-13,Lymphomas HL vs NHL Overview,"What does the special suffix ""X"" indicate in Ann Arbor staging?",Presence of bulky disease
Hematology,Part-13,Lymphomas HL vs NHL Overview,What is Pel-Ebstein fever and in which lymphoma is it classically seen?,"A cyclical fever pattern (1 week of fever followed by 1 week afebrile), classically seen in Hodgkin Lymphoma"
Hematology,Part-13,Lymphomas HL vs NHL Overview,Which translocations are associated with Burkitt lymphoma and which gene do they involve?,"t(8;14), t(8;22), and t(2;8), all involving the C-myc gene on chromosome 8 (mnemonic: 8≈B for Burkitt)"
Hematology,Part-13,Lymphomas HL vs NHL Overview,Which translocation involving chromosome 8 is an exception and NOT associated with Burkitt lymphoma?,"t(8;21), which is instead associated with AML M2"
Hematology,Part-13,Lymphomas HL vs NHL Overview,Which translocation is associated with marginal zone lymphoma and what genes does it involve?,"t(11;18), involving genes related to marginal zone lymphoma (mnemonic: ""takes margins"")"
Hematology,Part-13,Lymphomas HL vs NHL Overview,Which translocation is associated with mantle cell lymphoma and what is its mnemonic?,"t(11;14), involving Cyclin D1 and IgH (mnemonic: ""ends with El: Eleven"")"
Hematology,Part-13,Lymphomas HL vs NHL Overview,Which translocation is associated with follicular lymphoma and what is its mnemonic?,"t(14;18), involving IgH and BCL-2 (mnemonic: ""follicular, fourteen"")"
Hematology,Part-13,Lymphomas HL vs NHL Overview,"Along the B-cell germinal center differentiation pathway, which lymphoma arises from naive/mantle zone B cells?",CLL/SLL (from naive B cells) and Mantle cell lymphoma (from mantle zone B cells)
Hematology,Part-13,Lymphomas HL vs NHL Overview,Which lymphomas arise from germinal center B cells?,"DLBCL, Burkitt lymphoma, and Follicular lymphoma"
Hematology,Part-13,Lymphomas HL vs NHL Overview,Which lymphoma arises from marginal zone memory B cells and which malignancy arises from plasma B cells?,Marginal zone lymphoma arises from marginal zone memory B cells; Multiple myeloma arises from plasma B cells
Hematology,Part-14,Approach to B-Cell and T-Cell NHL,Which CD marker confirms B-cell origin in the NHL approach algorithm?,CD19/CD20 positivity
Hematology,Part-14,Approach to B-Cell and T-Cell NHL,"If CD5 and CD23 are both positive in a B-cell NHL workup, what is the diagnosis and its associated findings?",SLL/CLL; associated with 13q deletion and Evans syndrome (AIHA + ITP); smudge cells seen on smear
Hematology,Part-14,Approach to B-Cell and T-Cell NHL,"If CD5 is positive and CD23 is negative in a B-cell NHL workup, what is the diagnosis and its markers/morphology?","Mantle cell lymphoma; positive for Cyclin D1 and SOX11, with ""cleaved/buttock"" cell morphology and association with lymphomatoid polyposis"
Hematology,Part-14,Approach to B-Cell and T-Cell NHL,"If both CD5 and CD23 are negative in a B-cell NHL workup, what is the diagnosis and its associations?",Marginal zone lymphoma; associated with MALTOMA and other chronic inflammatory conditions
Hematology,Part-14,Approach to B-Cell and T-Cell NHL,What does CD10 positivity indicate in the B-cell NHL workup?,It indicates actively dividing cells
Hematology,Part-14,Approach to B-Cell and T-Cell NHL,"If CD10 and BCL-6 are positive, what is the diagnosis and its key features?","Diffuse Large B-Cell Lymphoma (DLBCL); it is the most common NHL, an aggressive tumor, and is associated with EBV"
Hematology,Part-14,Approach to B-Cell and T-Cell NHL,What is Richter transformation?,Transformation of CLL/SLL into DLBCL
Hematology,Part-14,Approach to B-Cell and T-Cell NHL,"If CD10 and BCL-2 are positive, what is the diagnosis, its prognosis, and clinical course?","Follicular lymphoma; has the best prognosis among NHLs (mnemonic: ""2 good to be true""), with waxing and waning lymphadenopathy"
Hematology,Part-14,Approach to B-Cell and T-Cell NHL,What is the aggressiveness and driver gene of Burkitt lymphoma?,"Most aggressive NHL (Ki-67 nearly 100%), driven by the C-Myc gene"
Hematology,Part-14,Approach to B-Cell and T-Cell NHL,What are the endemic and sporadic clinical presentations of Burkitt lymphoma?,Endemic type presents with jaw swelling and is associated with EBV (seen in Africa); sporadic type presents with an abdominal mass
Hematology,Part-14,Approach to B-Cell and T-Cell NHL,What histologic pattern is characteristic of Burkitt lymphoma and what do the components represent?,"""Starry sky"" appearance — the background represents tumor cells and the ""stars"" represent macrophages"
Hematology,Part-14,Approach to B-Cell and T-Cell NHL,What special stain is used on Burkitt lymphoma cells?,Oil red O
Hematology,Part-14,Approach to B-Cell and T-Cell NHL,Which CD marker confirms T-cell origin in the NHL approach algorithm?,CD3 positivity
Hematology,Part-14,Approach to B-Cell and T-Cell NHL,What causes Adult T-Cell Leukemia/Lymphoma (ATLL) and what is its hallmark cell?,"Caused by HTLV-1 (Human T-cell Lymphotropic Virus, a retrovirus) infection; hallmark cell is the flower cell (cloverleaf nucleus)"
Hematology,Part-14,Approach to B-Cell and T-Cell NHL,What is the hallmark cell and markers of Anaplastic Large Cell Lymphoma (ALCL)?,"Hallmark cell is the ""donut cell""; positive for CD30 and ALK"
Hematology,Part-14,Approach to B-Cell and T-Cell NHL,"Besides ALCL, what other conditions can show ALK positivity?","Neuroblastoma, adenocarcinoma of the lung, and inflammatory pseudotumor"
Hematology,Part-14,Approach to B-Cell and T-Cell NHL,What is Mycosis Fungoides and what is it called when disseminated in the blood?,A type of cutaneous T-cell lymphoma; when disseminated into the blood it is called Sezary syndrome
Hematology,Part-14,Approach to B-Cell and T-Cell NHL,What are the key histologic features of Mycosis Fungoides?,Epidermotropism (T cells migrating into the epidermis) and a cerebriform nucleus (brain-like nuclear folds)
Hematology,Part-14,Approach to B-Cell and T-Cell NHL,What is a Pautrier microabscess?,A cluster of malignant T cells within the epidermis — a special finding in Mycosis Fungoides
Hematology,Part-15,Approach to Hodgkin's Lymphoma,What are the two main categories of Hodgkin Lymphoma?,Nodular Lymphocyte Predominant Hodgkin Lymphoma (NLPHL) and Classical Hodgkin Lymphoma
Hematology,Part-15,Approach to Hodgkin's Lymphoma,What are the immunohistochemical markers of Nodular Lymphocyte Predominant HL?,"CD20 positive, CD45 positive, EMA positive, BCL-6 positive, and EBV LMP negative"
Hematology,Part-15,Approach to Hodgkin's Lymphoma,What is the characteristic cell of NLPHL and what is its prognosis?,"L&H type Reed-Sternberg cells, also called popcorn cells; rare and carries the best prognosis (mnemonic: ""Predominant – popcorn"")"
Hematology,Part-15,Approach to Hodgkin's Lymphoma,What are the immunohistochemical markers of Classical Hodgkin Lymphoma?,"CD15 positive, CD30 positive (most sensitive), and PAX5 positive (most specific); associated with EBV (EBV LMP positive)"
Hematology,Part-15,Approach to Hodgkin's Lymphoma,What mnemonic helps recall the two classic markers of classical HL?,"""15 x 2 = 30"" — recalling CD15 and CD30 as the classic markers"
Hematology,Part-15,Approach to Hodgkin's Lymphoma,What are the four histologic subtypes of Classical Hodgkin Lymphoma?,"Nodular Sclerosis, Mixed Cellularity, Lymphocyte Rich, and Lymphocyte Depleted"
Hematology,Part-15,Approach to Hodgkin's Lymphoma,"What is the characteristic RS cell, background feature, and frequency of Nodular Sclerosis HL?",Lacunar RS cells with collagen bands/nodules dividing the tissue; it is the most common subtype of Hodgkin Lymphoma overall
Hematology,Part-15,Approach to Hodgkin's Lymphoma,"What is the characteristic RS cell and background of Mixed Cellularity HL,  and where is it most common?",Classic (eosinophilic) RS cell with a mixed inflammatory background; most common subtype in India
Hematology,Part-15,Approach to Hodgkin's Lymphoma,"What is the characteristic RS cell, background, and prognosis of Lymphocyte Rich HL?","Mono-nuclear RS cell with a lymphocytic background; carries the best prognosis among classical HL subtypes (mnemonic: ""rich is good prognosis"")"
Hematology,Part-15,Approach to Hodgkin's Lymphoma,"What is the characteristic RS cell, rarity, and prognosis of Lymphocyte Depleted HL?",Mummified RS cells; the rarest subtype and carries the worst prognosis
Hematology,Part-16,Plasma Cell Dyscrasias,"What are the plasma cell percentage, M protein level, and CRAB status that define Multiple Myeloma?","Plasma cells ≥10%, M protein ≥3 g/dL, and CRAB features present (Yes)"
Hematology,Part-16,Plasma Cell Dyscrasias,"What are the plasma cell percentage, M protein level, and CRAB status that define Smoldering (evolving) Multiple Myeloma?","Plasma cells ≥10%, M protein ≥3 g/dL, but CRAB features absent (No)"
Hematology,Part-16,Plasma Cell Dyscrasias,"What are the plasma cell percentage, M protein level, and CRAB status that define MGUS?","Plasma cells less than 10%, M protein less than 3 g/dL, and CRAB features absent (No)"
Hematology,Part-16,Plasma Cell Dyscrasias,"What are the plasma cell percentage, M protein level, and CRAB status that define Plasma Cell Leukemia?","Plasma cells ≥20%, M protein variable, and CRAB features severe"
Hematology,Part-16,Plasma Cell Dyscrasias,What type of monoclonal gammopathy is Waldenström Macroglobulinemia and which gene mutation is implicated?,IgM monoclonal gammopathy; associated with a MYD88 mutation
Hematology,Part-16,Plasma Cell Dyscrasias,What are the clinical features of Waldenström Macroglobulinemia?,"Hyperviscosity (headache, blurred vision), neuropathy, lymphadenopathy, and hepatosplenomegaly; no lytic bone lesions occur"
Hematology,Part-16,Plasma Cell Dyscrasias,"What does the ""C"" in CRAB stand for and what is its cutoff?",Hypercalcemia — calcium greater than 11.5 mg/dL
Hematology,Part-16,Plasma Cell Dyscrasias,"What does the ""R"" in CRAB stand for and what is its cutoff?","Renal insufficiency — creatinine greater than 2 mg/dL, or creatinine clearance less than 40 mL/min"
Hematology,Part-16,Plasma Cell Dyscrasias,"What does the ""A"" in CRAB stand for and what is its cutoff?","Anemia — hemoglobin less than 10 g/dL, or ≥2 g/dL below the normal value"
Hematology,Part-16,Plasma Cell Dyscrasias,"What does the ""B"" in CRAB stand for and how is it detected?","Bone disease — one or more osteolytic lesions detected on X-ray, CT, MRI, or FDG-PET"
Hematology,Part-16,Plasma Cell Dyscrasias,"What does the ""S"" stand for in the SLiM myeloma-defining biomarker criteria?",Sixty — 60% or more clonal plasma cells in the bone marrow
Hematology,Part-16,Plasma Cell Dyscrasias,"What does the ""Li"" stand for in the SLiM myeloma-defining biomarker criteria?",Light chain ratio — an involved/uninvolved serum free light chain ratio of 100 or more
Hematology,Part-16,Plasma Cell Dyscrasias,"What does the ""M"" stand for in the SLiM myeloma-defining biomarker criteria?",MRI lesions — more than 1 focal marrow lesion seen on MRI
Hematology,Part-16,Plasma Cell Dyscrasias,Why does multiple myeloma cause purely osteolytic (not osteoblastic) lesions?,"Due to osteoclast activation combined with suppression of osteoblasts, so no new bone formation occurs (reflected by reduced ALP and low tracer uptake)"
Hematology,Part-16,Plasma Cell Dyscrasias,What is seen on a bone scan (Tc-99m MDP) in multiple myeloma and why?,"Cold spots, because there is no new bone formation/osteoblastic activity to take up the tracer"
Hematology,Part-16,Plasma Cell Dyscrasias,What are the classic skull X-ray lytic lesions of multiple myeloma called?,Punched-out lesions (also called raindrop lesions)
Hematology,Part-16,Plasma Cell Dyscrasias,What causes rouleaux formation on peripheral smear in multiple myeloma?,Increased fibrinogen causing RBCs to clump together
Hematology,Part-16,Plasma Cell Dyscrasias,"What is the ""protein gap"" and what value suggests excess immunoglobulins?",Protein gap = Total protein minus Albumin; a gap greater than 4 g/dL suggests excess immunoglobulins
Hematology,Part-16,Plasma Cell Dyscrasias,What are Bence-Jones proteins and what renal complication do they cause?,Free monoclonal light chains (kappa or lambda) found in urine; they cause light chain cast nephropathy
Hematology,Part-16,Plasma Cell Dyscrasias,What is the prognostic significance of β2-microglobulin in multiple myeloma?,It is a prognostic marker reflecting tumor burden and renal function; a high β2-microglobulin indicates poor prognosis
Hematology,Part-16,Plasma Cell Dyscrasias,What are the major causes of death in multiple myeloma?,Renal failure (from light chain cast nephropathy) and infections (very common)
Hematology,Part-16,Plasma Cell Dyscrasias,What is the standard treatment regimen for multiple myeloma and their drug classes?,"Bortezomib (proteasome inhibitor), Lenalidomide (immunomodulatory drug), and Dexamethasone"
Hematology,Part-16,Plasma Cell Dyscrasias,Which add-on drug targets CD38 in multiple myeloma treatment and how is a hypercalcemic crisis managed?,Daratumumab (anti-CD38 monoclonal antibody) is used as an add-on; hypercalcemic crisis is managed with IV hydration
Hematology,Part-16,Plasma Cell Dyscrasias,What are Mott (Mulberry) cells and Russell bodies in multiple myeloma?,Mott/Mulberry cells are plasma cells containing multiple Russell bodies; Russell bodies are intracytoplasmic immunoglobulin inclusions
Hematology,Part-16,Plasma Cell Dyscrasias,What are Dutcher bodies?,Intranuclear pseudoinclusions seen in plasma cells in multiple myeloma
Hematology,Part-16,Plasma Cell Dyscrasias,What pattern is seen on serum protein electrophoresis in multiple myeloma and what commonly causes it?,"An ""M spike"" (monoclonal spike), most commonly due to IgG"
Hematology,Part-16,Plasma Cell Dyscrasias,What is the typical serum protein electrophoresis pattern in Waldenström Macroglobulinemia?,Polyclonal (spread out) IgG with a monoclonal IgM and kappa spike
Hematology,Part-16,Plasma Cell Dyscrasias,"What is the ""mini brain sign"" on spinal MRI suggestive of?",A solitary plasmacytoma of the vertebra
Hematology,Part-16,Plasma Cell Dyscrasias,"Besides Mott/Mulberry cells, what other plasma cell morphologic variant is seen in multiple myeloma?","Flame cells (plasma cells with a fiery-red flaming cytoplasm, classically associated with IgA-producing myeloma)"
Hematology,Part-16,Plasma Cell Dyscrasias,What is the relative frequency order of immunoglobulin types causing the M-protein spike in multiple myeloma?,"IgG > IgA > IgM > IgD > IgE (IgG is the most common, IgE the rarest)"
Hematology,Part-17,Myeloproliferative Disorders,"What are the RBC, WBC, platelet, and JAK2 mutation findings in Polycythemia Vera?","RBC markedly increased (Hb >16 g/dL), WBC increased, platelets increased, JAK2 mutation present in >95% (drug: Ruxolitinib)"
Hematology,Part-17,Myeloproliferative Disorders,"What are the RBC, WBC, platelet, and JAK2 mutation findings in Essential Thrombocytosis?","RBC and WBC normal, platelets markedly increased (>4.5 lakh/mm³), JAK2 mutation present in 30–50%"
Hematology,Part-17,Myeloproliferative Disorders,"What are the RBC, WBC, platelet, and JAK2 mutation findings in CML?","RBC decreased, WBC markedly increased, platelets increased, JAK2 mutation absent"
Hematology,Part-17,Myeloproliferative Disorders,"What are the RBC, WBC, platelet, and JAK2 mutation findings in Primary Myelofibrosis?","RBC decreased, WBC increased, platelets increased, JAK2 mutation present in 30–50%"
Hematology,Part-17,Myeloproliferative Disorders,What is relative polycythemia and what causes it?,Apparent polycythemia caused by decreased plasma volume (not true RBC mass increase)
Hematology,Part-17,Myeloproliferative Disorders,What is primary polycythemia and its EPO status?,Polycythemia Vera; EPO levels are decreased
Hematology,Part-17,Myeloproliferative Disorders,What is secondary polycythemia and its EPO status and causes?,"EPO levels are increased due to hypoxia; causes include smoking, high altitude living, and being an athlete"
Hematology,Part-17,Myeloproliferative Disorders,Which is the most common myeloproliferative disorder and what pruritic symptom is it associated with?,"Polycythemia Vera; associated with aquagenic pruritis, due to histamine release"
Hematology,Part-17,Myeloproliferative Disorders,What is the most common cause of death in Polycythemia Vera and its treatment?,Thrombosis is the most common cause of death; treatment is Ruxolitinib (a JAK2 inhibitor)
Hematology,Part-17,Myeloproliferative Disorders,What symptom and bone marrow finding are associated with Essential Thrombocytosis?,Erythromelalgia (burning pain/redness in extremities) and staghorn megakaryocytes seen on histopathology
Hematology,Part-18,Hemostasis and Antiplatelets,What are the three mechanisms that maintain hemostasis in the body?,"Vascular spasm, platelet plug formation (primary hemostasis), and blood coagulation (secondary hemostasis)"
Hematology,Part-18,Hemostasis and Antiplatelets,What happens during vascular spasm after vessel injury?,Damaged blood vessels constrict
Hematology,Part-18,Hemostasis and Antiplatelets,What happens during platelet plug formation and what type of hemostasis is this?,Circulating platelets gather at the site of endothelial injury and adhere to damaged endothelium to form a platelet plug; this is primary hemostasis
Hematology,Part-18,Hemostasis and Antiplatelets,What happens during blood coagulation and what type of hemostasis is this?,Clots form via conversion of fibrinogen to fibrin through a series of steps known as the coagulation cascade; this is secondary hemostasis
Hematology,Part-18,Hemostasis and Antiplatelets,What is the first response to endothelial injury and where is vWF stored before exposure?,"Injury causes release of endothelin, producing transient vasoconstriction; vWF is stored in Weibel–Palade bodies of endothelial cells and becomes exposed upon injury"
Hematology,Part-18,Hemostasis and Antiplatelets,"Which receptor mediates platelet adhesion to exposed vWF,  and what do platelets release upon adhesion?","Platelets bind vWF via the GpIb receptor, and release ADP, Ca2+, and TXA2"
Hematology,Part-18,Hemostasis and Antiplatelets,Which receptor mediates platelet activation and what receptor do activated platelets express?,"ADP binds the P2Y12 receptor on platelets, causing activation; activated platelets then express GpIIb/IIIa receptors"
Hematology,Part-18,Hemostasis and Antiplatelets,Which molecule links platelets during platelet aggregation and via which receptor?,Fibrinogen binds GpIIb/IIIa receptors and links platelets together to form the platelet plug
Hematology,Part-18,Hemostasis and Antiplatelets,Which platelet defect and disease results from loss of vWF?,Von Willebrand disease — a platelet adhesion defect
Hematology,Part-18,Hemostasis and Antiplatelets,Which platelet defect and disease results from absent GpIb?,Bernard–Soulier syndrome — a platelet adhesion defect
Hematology,Part-18,Hemostasis and Antiplatelets,Which platelet defect and disease results from absent GpIIb/IIIa?,Glanzmann thrombasthenia — a platelet aggregation defect
Hematology,Part-18,Hemostasis and Antiplatelets,How do PGI2 (from endothelial cells) and TXA2 (from platelets) oppositely regulate platelet plug formation?,PGI2 (prostacyclin) inhibits platelet plug formation while TXA2 (thromboxane A2) promotes platelet plug formation
Hematology,Part-18,Hemostasis and Antiplatelets,What are the four classes of antiplatelet drugs?,"COX inhibitors, P2Y12 receptor blockers, GpIIb/IIIa inhibitors, and PAR-1 inhibitors"
Hematology,Part-18,Hemostasis and Antiplatelets,Which drug is the COX inhibitor antiplatelet agent?,Aspirin
Hematology,Part-18,Hemostasis and Antiplatelets,Which P2Y12 receptor blockers are irreversible and which are reversible?,"Irreversible: Ticlopidine, Clopidogrel, Prasugrel; Reversible: Ticagrelor, Cangrelor"
Hematology,Part-18,Hemostasis and Antiplatelets,Which GpIIb/IIIa inhibitors are monoclonal antibodies versus synthetic molecules?,"Monoclonal antibody: Abciximab; Synthetic molecules: Eptifibatide, Tirofiban"
Hematology,Part-18,Hemostasis and Antiplatelets,What are the PAR-1 inhibitor antiplatelet drugs?,Atopaxar and Vorapaxar
Hematology,Part-18,Hemostasis and Antiplatelets,How does Prasugrel compare to Clopidogrel in potency and what is a contraindication for it?,Prasugrel is 10 times more potent than clopidogrel; it is contraindicated in CVA/stroke patients because it is associated with severe bleeds
Hematology,Part-18,Hemostasis and Antiplatelets,Why is Ticlopidine no longer used?,It carries a risk of neutropenia
Hematology,Part-18,Hemostasis and Antiplatelets,What is notable about Abciximab and its safety profile?,It is a monoclonal antibody GpIIb/IIIa inhibitor that is safe to use in renal failure
Hematology,Part-18,Hemostasis and Antiplatelets,What is the mechanism of action of Aspirin and how is its inhibition characterized?,"Non-selective COX inhibitor that blocks formation of TXA2; produces irreversible (""hit-and-run""/suicide) inhibition, with effect persisting until new platelets are formed (about 8 days)"
Hematology,Part-18,Hemostasis and Antiplatelets,Which other drug class shares a similarly irreversible inhibition mechanism as Aspirin?,Proton pump inhibitors (PPIs)
Hematology,Part-18,Hemostasis and Antiplatelets,What are the adverse effects of Aspirin at anti-inflammatory doses?,"Gastric ulcer/GI bleeding, renal injury, Reye syndrome (microvesicular hepatic steatosis after viral infection in children), and respiratory alkalosis followed by HAGMA"
Hematology,Part-18,Hemostasis and Antiplatelets,"Is Aspirin generally used in children, and what is the exception?","Aspirin is generally avoided in children, except in Kawasaki disease"
Hematology,Part-18,Hemostasis and Antiplatelets,What is dual antiplatelet therapy and which drug combinations are used?,Combination antiplatelet therapy using Aspirin plus Clopidogrel or Prasugrel
Hematology,Part-19,Coagulation Cascade and Anticoagulants,What triggers the intrinsic coagulation pathway and which factors are sequentially activated?,"Damage to the endothelium triggers it; Factors 12, 11, and 9 are sequentially activated (mnemonic: T-E-N = Twelve, Eleven, Nine)"
Hematology,Part-19,Coagulation Cascade and Anticoagulants,Which lab test evaluates the intrinsic coagulation pathway?,aPTT (Activated Partial Thromboplastin Time)
Hematology,Part-19,Coagulation Cascade and Anticoagulants,What triggers the extrinsic coagulation pathway and which factor is central to it?,Damage to tissues triggers it; Tissue factor (Factor 3) activates Factor 7
Hematology,Part-19,Coagulation Cascade and Anticoagulants,Which lab test evaluates the extrinsic coagulation pathway?,PT (Prothrombin Time)
Hematology,Part-19,Coagulation Cascade and Anticoagulants,What happens in the common coagulation pathway from Factor 10 onward?,"Factor 10 is activated, then Factors 5, 2, and 1 are activated; Factor 1 (fibrinogen) is converted to fibrin, which forms a mesh stabilizing the platelet plug"
Hematology,Part-19,Coagulation Cascade and Anticoagulants,What is the role of kallikrein in the intrinsic coagulation pathway and what else does it generate?,"Kallikrein amplifies the intrinsic pathway by activating Factor XII; it also generates bradykinin, causing vasodilation and increased vascular permeability (relevant in Hereditary Angioedema, HAE)"
Hematology,Part-19,Coagulation Cascade and Anticoagulants,What is unique about Factor 13 deficiency with respect to PT and aPTT?,It can cause coagulopathy despite normal PT and aPTT
Hematology,Part-19,Coagulation Cascade and Anticoagulants,Which coagulation factor has the shortest half-life and which has the longest?,Factor 7 has the shortest half-life; Factor 2 (prothrombin) has the longest half-life
Hematology,Part-19,Coagulation Cascade and Anticoagulants,Describe the fibrinolytic pathway from plasminogen to fibrin degradation products.,"Plasminogen is converted to plasmin by tPA (tissue plasminogen activator); plasmin breaks down fibrin, producing fibrin degradation products (FDPs) such as D-Dimer"
Hematology,Part-19,Coagulation Cascade and Anticoagulants,What is the mechanism of action of thrombolytic drugs and their indications?,"They activate tPA; indicated in pulmonary embolism, ischemic cerebral stroke, and MI"
Hematology,Part-19,Coagulation Cascade and Anticoagulants,What is the mnemonic SURAT for thrombolytic drugs?,"Streptokinase, Urokinase, Reteplase, Alteplase, Tenecteplase"
Hematology,Part-19,Coagulation Cascade and Anticoagulants,What is the mechanism of action of anti-thrombolytic (antifibrinolytic) drugs and their indications?,They block tPA; indicated in trauma and menorrhagia
Hematology,Part-19,Coagulation Cascade and Anticoagulants,Which two drugs are examples of anti-thrombolytics?,EACA (ε-aminocaproic acid) and Tranexamic acid (TXA)
Hematology,Part-19,Coagulation Cascade and Anticoagulants,What was the TXA dosing regimen used in the CRASH-2 trial and its patient population?,"TXA 1 g IV over 10 minutes followed by 1 g IV over 8 hours, in trauma patients with significant bleeding"
Hematology,Part-19,Coagulation Cascade and Anticoagulants,What do Protein C and Protein S inhibit as natural anticoagulants?,Factor V and Factor VIII
Hematology,Part-19,Coagulation Cascade and Anticoagulants,What is Factor V Leiden mutation and its significance?,The most common inherited thrombophilia; the mutation makes Factor V resistant to inactivation by Protein C
Hematology,Part-19,Coagulation Cascade and Anticoagulants,What does the molecular point mutation causing Factor V Leiden involve and what complications result?,"A guanine to adenine DNA point mutation near the cleavage site, making Factor V resistant to degradation by activated Protein C; complications include DVT, cerebral vein thrombosis, and recurrent pregnancy loss"
Hematology,Part-19,Coagulation Cascade and Anticoagulants,What does Antithrombin inhibit and how do Heparin/LMWH act on it?,Antithrombin inhibits Factor II (thrombin) and Factor X; Heparin and LMWH act by activating antithrombin
Hematology,Part-19,Coagulation Cascade and Anticoagulants,Does Warfarin activate antithrombin?,"No, Warfarin does not activate antithrombin"
Hematology,Part-19,Coagulation Cascade and Anticoagulants,Which coagulation factors are Vitamin K-dependent and how does Warfarin act on them?,"Factors II, VII, IX, and X are Vitamin K-dependent; Warfarin inhibits their synthesis"
Hematology,Part-19,Coagulation Cascade and Anticoagulants,"What factor deficiencies cause Hemophilia A and Hemophilia B, and what is their inheritance?","Hemophilia A: deficiency of Factor VIII (X-linked); Hemophilia B: deficiency of Factor IX, also known as the Christmas factor (X-linked)"
Hematology,Part-19,Coagulation Cascade and Anticoagulants,How are anticoagulant drugs broadly classified by route of administration?,Parenteral and Oral
Hematology,Part-19,Coagulation Cascade and Anticoagulants,How are parenteral anticoagulants further subdivided?,"Indirect (Heparin: unfractionated heparin and LMWH) and Direct (Thrombin inhibitors: Hirudin, Bivalirudin, Argatroban; Factor Xa inhibitor: Otamixaban)"
Hematology,Part-19,Coagulation Cascade and Anticoagulants,How are oral anticoagulants further subdivided?,"Indirect (Warfarin/Dicoumarol) and Direct/DOACs (Thrombin inhibitor: Dabigatran; Factor Xa inhibitors: Rivaroxaban, Apixaban, Edoxaban)"
Hematology,Part-19,Coagulation Cascade and Anticoagulants,What is the antidote for Dabigatran and for the oral Factor Xa inhibitors (Rivaroxaban/Apixaban/Edoxaban)?,Idarucizumab is the antidote for Dabigatran; Andexanet alfa is the antidote for the oral Factor Xa inhibitors
Hematology,Part-19,Coagulation Cascade and Anticoagulants,What is Ciraparantag and its mechanism?,"A universal antidote for all DOACs, working against both Factor Xa inhibitors and direct thrombin inhibitors"
Hematology,Part-19,Coagulation Cascade and Anticoagulants,What is the mechanism of action of unfractionated heparin (UFH) and its route of administration?,"Activates antithrombin, indirectly inhibiting Factors 2 and X; administered IV or SC"
Hematology,Part-19,Coagulation Cascade and Anticoagulants,"Is unfractionated heparin safe in renal failure, and what monitoring does it require?","Yes, it is safe in renal failure; platelet monitoring is required due to risk of HIT"
Hematology,Part-19,Coagulation Cascade and Anticoagulants,"What is Heparin-Induced Thrombocytopenia (HIT) caused by, and what other adverse effects are associated with UFH?",HIT is caused by antibodies against platelet factor 4 (PF4); other UFH side effects include Type 4 RTA and osteopenia
Hematology,Part-19,Coagulation Cascade and Anticoagulants,"What is the mechanism of action of LMWH, its route, and use in renal failure?",Inhibits Factor Xa more than Factor 2; administered only SC; cannot be used in renal failure; does not require monitoring
Hematology,Part-19,Coagulation Cascade and Anticoagulants,What are examples of LMWH and what is Fondaparinux?,Examples include Enoxaparin and Dalteparin; Fondaparinux is a synthetic heparin that acts only on Factor Xa
Hematology,Part-19,Coagulation Cascade and Anticoagulants,What is the drug of choice for DVT/PE/ACS and what bridging is required if starting Warfarin?,LMWH is the drug of choice; heparin bridging is required even when starting Warfarin
Hematology,Part-19,Coagulation Cascade and Anticoagulants,In what clinical situation is unfractionated heparin preferred over LMWH?,"In renal failure, due to its short half-life and easy reversibility"
Hematology,Part-19,Coagulation Cascade and Anticoagulants,What distinguishes Type 1 from Type 2 Heparin-Induced Thrombocytopenia (HIT)?,"Type 1: mild, transient platelet drop, non-immune mediated; Type 2: immune-mediated (IgG-PF4 antibody), causes thrombocytopenia with thrombosis, and is serious (occurs in about 5% of heparin-exposed patients, Type 2 being more common clinically significant form)"
Hematology,Part-19,Coagulation Cascade and Anticoagulants,What is the drug of choice for treating HIT and what should be avoided?,Argatroban or other direct thrombin inhibitors are the drug of choice; heparin and LMWH should be avoided
Hematology,Part-19,Coagulation Cascade and Anticoagulants,What is the antidote for heparin and LMWH?,Protamine sulfate
Hematology,Part-19,Coagulation Cascade and Anticoagulants,Which anticoagulant is safe in pregnancy and why is the alternative avoided?,LMWH is safe in pregnancy; Warfarin is avoided because it is teratogenic
Hematology,Part-19,Coagulation Cascade and Anticoagulants,What is the mechanism of action of Warfarin and which factors does it affect?,"Blocks Vitamin K epoxide reductase; affects Vitamin K-dependent factors II, VII, IX, and X"
Hematology,Part-19,Coagulation Cascade and Anticoagulants,How long does Warfarin take to achieve its effect and how is it monitored?,Takes 4–5 days to start effect; monitored using INR
Hematology,Part-19,Coagulation Cascade and Anticoagulants,Which enzyme metabolizes Warfarin and what other drug shares this pathway?,CYP2C9; Phenytoin is also metabolized via CYP2C9
Hematology,Part-19,Coagulation Cascade and Anticoagulants,"What is purple toe syndrome, its cause, and how is it prevented?",A rare complication of Warfarin (presenting with dermal skin necrosis) caused by transient Protein C/S deficiency (initial procoagulant action of Warfarin); prevented by bridging Warfarin with heparin
Hematology,Part-19,Coagulation Cascade and Anticoagulants,"In which condition is Warfarin the preferred anticoagulant, and what is a key contraindication?",Preferred in Atrial fibrillation; contraindicated in pregnancy due to teratogenicity
Hematology,Part-19,Coagulation Cascade and Anticoagulants,What is the antidote for Warfarin?,"FFP, PCC (Prothrombin Complex Concentrate), or Vitamin K"
Hematology,Part-19,Coagulation Cascade and Anticoagulants,What condition is associated with Purple Glove Syndrome and how does it differ from purple toe syndrome?,"Purple Glove Syndrome is seen with Phenytoin, whereas purple toe syndrome is seen with Warfarin"
Hematology,Part-20,Approach to Bleeding Disorders,What clinical features distinguish a platelet disorder from a coagulation disorder?,"Platelet disorders present with petechiae, purpura, and a prolonged bleeding time (BT); coagulation disorders present with ecchymosis, hemarthrosis (bleeding into joints), and a prolonged clotting time (CT)"
Hematology,Part-20,Approach to Bleeding Disorders,"In the coagulation disorder workup, what does an isolated raised PT suggest?","Factor 7 deficiency, Vitamin K deficiency, or Warfarin toxicity"
Hematology,Part-20,Approach to Bleeding Disorders,"In the coagulation disorder workup, what does a raised aPTT suggest in a child versus an adult?","In a child: X-linked hemophilia A (Factor 8 deficiency) or hemophilia B (Factor 9/Christmas factor deficiency), or autosomal recessive hemophilia C (Factor 11 deficiency); In an adult: APLA (antiphospholipid antibody) or acquired hemophilia"
Hematology,Part-20,Approach to Bleeding Disorders,"In the coagulation disorder workup, what does a normal PT and aPTT with ongoing coagulopathy suggest?",Factor 13 deficiency (Laki-Lorand factor)
Hematology,Part-20,Approach to Bleeding Disorders,"In the coagulation disorder workup, what does a raised PT and aPTT together suggest?","DIC, Factor 10/5/2 deficiency, or afibrinogenemia"
Hematology,Part-20,Approach to Bleeding Disorders,Which agents can be used to increase Factor 8 activity in Hemophilia A?,Desmopressin and Emicizumab
Hematology,Part-20,Approach to Bleeding Disorders,Why is cryoprecipitate not useful in Hemophilia B?,Because Factor 9 is not present in cryoprecipitate
Hematology,Part-20,Approach to Bleeding Disorders,What is DIC and what commonly triggers it?,"Disseminated Intravascular Coagulation — uncontrolled activation of fibrinogen due to exposure of blood to high levels of tissue factor; triggers include sepsis, amniotic fluid embolism, and major surgery"
Hematology,Part-20,Approach to Bleeding Disorders,What is the pathophysiologic sequence in DIC?,The body undergoes extensive thrombosis followed by an attempt to break down the thrombus (thrombolysis)
Hematology,Part-20,Approach to Bleeding Disorders,What are the characteristic lab findings in DIC?,"Increased FDPs/D-Dimer, low platelets (consumed), and raised PT and aPTT"
Hematology,Part-20,Approach to Bleeding Disorders,What is the classic clinical presentation of DIC?,Oozing from puncture sites; can also be triggered by a hemolytic transfusion reaction
Hematology,Part-20,Approach to Bleeding Disorders,What is the normal platelet count range?,1.5–4 lakh/mm³
Hematology,Part-20,Approach to Bleeding Disorders,"With a normal platelet count and a bleeding disorder, what two conditions should be considered?",Glanzmann thrombasthenia and Bernard-Soulier syndrome
Hematology,Part-20,Approach to Bleeding Disorders,What is the pathophysiology of Immune Thrombocytopenia (ITP)?,"Autoantibodies form against GpIIb/IIIa; immature platelets are greater than 6%, and giant platelets may be seen"
Hematology,Part-20,Approach to Bleeding Disorders,What conditions is ITP associated with?,"SLE, HIV, Hepatitis C, and CLL"
Hematology,Part-20,Approach to Bleeding Disorders,At what platelet count does spontaneous bleeding typically occur?,"Below 20,000/µL"
Hematology,Part-20,Approach to Bleeding Disorders,What is the first-line treatment for low platelets in ITP?,Corticosteroids; IVIG can be used for a rapid increase in platelet count
Hematology,Part-20,Approach to Bleeding Disorders,What is the second-line/refractory treatment for ITP?,Rituximab (anti-CD20)
Hematology,Part-20,Approach to Bleeding Disorders,What thrombopoietin receptor agonists are used in ITP?,Romiplostim and Eltrombopag; Fostamatinib (a tyrosine kinase inhibitor) is also used
Hematology,Part-20,Approach to Bleeding Disorders,What adjunctive drug can be used in ITP and what is its mechanism?,"Oprelvekin (IL-11), which increases platelet count"
Hematology,Part-20,Approach to Bleeding Disorders,What is the definitive treatment for ITP and what precaution is needed?,"Splenectomy, with prior vaccination against encapsulated organisms (mnemonic: HMP — Haemophilus, Meningococcus, Pneumococcus)"
Hematology,Part-20,Approach to Bleeding Disorders,Why is von Willebrand disease (vWD) considered both a platelet and coagulation disorder?,It is the most common bleeding disorder; vWF deficiency impairs platelet adhesion (platelet disorder) and also reduces Factor 8 levels since vWF carries Factor 8 (coagulation disorder)
Hematology,Part-20,Approach to Bleeding Disorders,What is the typical bleeding history and lab findings in vWD?,"Epistaxis, menorrhagia, and prolonged bleeding after procedures; lab findings show prolonged BT and prolonged aPTT"
Hematology,Part-20,Approach to Bleeding Disorders,"What is the inheritance pattern of vWD Types 1 and 2, and where is the gene located?","Autosomal dominant (AD), located on chromosome 12"
Hematology,Part-20,Approach to Bleeding Disorders,What is the inheritance pattern of vWD Type 3 and Type 2N?,Autosomal recessive (AR)
Hematology,Part-20,Approach to Bleeding Disorders,What is the Ristocetin Induced Platelet Aggregation (RIPA) test used for and what does it show in vWD Type 1?,"It is the investigation of choice for vWD; in Type 1 (quantitative deficiency), RIPA is reduced proportionate to vWF level"
Hematology,Part-20,Approach to Bleeding Disorders,"What does the RIPA test show in vWD Type 2, specifically Type 2N?","Type 2 is a qualitative defect; in Type 2N specifically, RIPA is normal but aPTT is raised"
Hematology,Part-20,Approach to Bleeding Disorders,What does vWD Type 3 represent?,"Virtually absent vWF (most severe form), inherited as autosomal recessive"
Hematology,Part-20,Approach to Bleeding Disorders,What is the treatment of choice for vWD and its mechanism?,"Desmopressin, which acts via V2 receptors to trigger release of vWF and Factor 8"
Hematology,Part-20,Approach to Bleeding Disorders,What is the clinical significance of Factor XII (Hageman factor) deficiency?,"It is critical for clotting in vitro (lab tests, causing prolonged aPTT) but has no role in actual in vivo hemostasis, so deficiency does not cause clinical bleeding"
Hematology,Part-21,Transfusion Medicine,What antigens and antibodies are present in blood group A positive and A negative?,"A(+): H, A, D antigens with Anti-B antibody; A(-): H, A antigens with Anti-B and Anti-D antibodies"
Hematology,Part-21,Transfusion Medicine,What antigens and antibodies are present in blood group B positive and AB positive?,"B(+): H, B, D antigens with Anti-A antibody; AB(+): H, A, B, D antigens with no antibodies"
Hematology,Part-21,Transfusion Medicine,What antigens and antibodies are present in blood group O positive and O negative?,"O(+): H, D antigens with Anti-A and Anti-B antibodies; O(-): H antigen only, with Anti-A, Anti-B, and Anti-D antibodies"
Hematology,Part-21,Transfusion Medicine,What is another name for the Rh factor?,D antigen
Hematology,Part-21,Transfusion Medicine,What is the H antigen and in which blood group is it absent?,An RBC antigen present in all blood groups except the Bombay blood group; Bombay group individuals can only receive blood from other Bombay group donors
Hematology,Part-21,Transfusion Medicine,"What antibody class are Anti-A and Anti-B typically, and can they cross the placenta?","Typically IgM in most blood groups, so they cannot cross the placenta"
Hematology,Part-21,Transfusion Medicine,What is the exception regarding Anti-A/Anti-B antibody class and its clinical consequence?,"People with blood group O often also produce IgG anti-A and anti-B (in addition to IgM); this IgG can cross the placenta and cause hemolysis of fetal RBCs, though it presents only as mild-moderate jaundice in the newborn within the first 24 hours (less severe than Rh incompatibility)"
Hematology,Part-21,Transfusion Medicine,What antibody class is Anti-D and what condition does it cause?,"IgG type, which can cross the placenta and cause Rh isoimmunization"
Hematology,Part-21,Transfusion Medicine,"On which chromosomes are the Rh, ABO, and H blood group genes located?",Rh: chromosome 1; ABO: chromosome 9; H: chromosome 19
Hematology,Part-21,Transfusion Medicine,Which blood group antigen's absence confers resistance to Plasmodium vivax and Plasmodium knowlesi?,Absence of the Duffy antigen
Hematology,Part-21,Transfusion Medicine,Which blood group antigen is associated with McLeod syndrome?,Kell antigen
Hematology,Part-21,Transfusion Medicine,Which blood group antigens are adsorbed from plasma rather than being intrinsic to the RBC membrane?,Lewis blood group antigens
Hematology,Part-21,Transfusion Medicine,What are the three whole blood storage solutions and their respective storage durations?,"CPD (Citrate Phosphate Dextrose): 3 weeks; CPDA (CPD + Adenine): 5 weeks; SAGM (Saline Adenosine Glucose Mannitol): 6 weeks (SAGM, giving 42 days, is most commonly used)"
Hematology,Part-21,Transfusion Medicine,"At what temperature is whole blood/PRBC stored, and within what time must it be transfused once opened?",Stored at 2–8°C; must be transfused within 4 hours of opening
Hematology,Part-21,Transfusion Medicine,By how much does 1 unit of PRBC raise hemoglobin?,By 1 g/dL
Hematology,Part-21,Transfusion Medicine,"At what temperature are platelets stored and for how long, and within what time must they be transfused once opened?",Stored at 24–28°C (room temperature) for up to 5 days in a platelet agitator; must be transfused within 30 minutes of opening
Hematology,Part-21,Transfusion Medicine,Why are FFP and cryoprecipitate considered to carry the least risk of viral infection transmission?,Because they are acellular components of blood
Hematology,Part-21,Transfusion Medicine,"At what temperature and for how long are FFP and cryoprecipitate stored, and within what time must they be transfused once opened?",Stored at -30°C for up to 1 year; must be transfused within 30 minutes of opening
Hematology,Part-21,Transfusion Medicine,What infections is stored blood routinely screened for?,"HIV, HBV, HCV, Syphilis, and Malaria"
Hematology,Part-21,Transfusion Medicine,Is blood screened for Dengue?,"No, blood is not screened for Dengue"
Hematology,Part-21,Transfusion Medicine,"What is the most common transfusion-related complication, its cause, and treatment?","Febrile (non-hemolytic) transfusion reaction; caused by donor WBCs (reduced by a leukofilter); presents with fever, chills, and malaise; treated supportively (e.g. acetaminophen)"
Hematology,Part-21,Transfusion Medicine,"What is ABO incompatibility also known as, and what are its symptoms?","Also known as a hemolytic transfusion reaction; presents with pain at the IV site, shock, dark urine, fever, and chills"
Hematology,Part-21,Transfusion Medicine,What is the management of ABO incompatibility (hemolytic transfusion reaction)?,Stop the transfusion immediately and give IV fluids
Hematology,Part-21,Transfusion Medicine,"What predisposes patients to allergic transfusion reactions, their symptoms, and treatment?","More common in patients with IgA deficiency; presents with urticaria, pruritis, and hives; treated with antihistamines"
Hematology,Part-21,Transfusion Medicine,"What is TRALI, its timing, cause, and clinical significance?",Transfusion-Related Acute Lung Injury; occurs 1–6 hours after transfusion due to donor HLA antibodies; presents with dyspnea/hypoxemia and bilateral chest infiltrates; is the 2nd most common cause of transfusion-related death
Hematology,Part-21,Transfusion Medicine,How is TRALI managed?,Stop the transfusion and provide airway control/supportive care
Hematology,Part-21,Transfusion Medicine,"What is TACO, its presentation, and clinical significance?",Transfusion-Associated Circulatory Overload; presents with dyspnea and raised JVP; it is the most common cause of transfusion-related death
Hematology,Part-21,Transfusion Medicine,How is TACO managed?,Slower infusion rate and diuretics
Hematology,Part-21,Transfusion Medicine,Why does hypotension occur in patients on ACE inhibitors after transfusion?,"Due to donor bradykinin, which is normally broken down by ACE but accumulates when ACE is inhibited"
Hematology,Part-21,Transfusion Medicine,What defines a massive transfusion?,"More than 10 units of whole blood transfused within 24 hours, or 4 units within 1 hour"
Hematology,Part-21,Transfusion Medicine,What electrolyte and metabolic complications occur with massive transfusion?,"Hypocalcemia (citrate binds calcium), hyperkalemia (donor RBCs lyse), metabolic alkalosis (citrate converts to bicarbonate), and hypothermia"
Hematology,Part-21,Transfusion Medicine,What is the most common cause of death in massive transfusion?,Dilutional coagulopathy
Hematology,Part-21,Transfusion Medicine,What other clinical conditions can cause electrolyte disturbances similar to massive transfusion (e.g. hyperkalemia)?,"Drowning, tumor lysis syndrome, and refeeding syndrome"
Hematology,Part-21,Transfusion Medicine,What is the function of a leukofilter and what complication does it reduce?,Filters out donor WBCs; lowers the incidence of febrile transfusion reactions and also reduces CMV transmission risk
Hematology,Part-21,Transfusion Medicine,What is the function of a platelet agitator?,Prevents platelet clumping during storage
Hematology,Part-21,Transfusion Medicine,Which infection is most commonly transmitted via blood transfusion according to the notes?,CMV (Cytomegalovirus)
Hematology,Part-21,Transfusion Medicine,What are the two timing-based categories of hemolytic transfusion reactions?,Early (acute) hemolytic transfusion reaction and Delayed hemolytic transfusion reaction
Hematology,Part-22,Miscellaneous,What is the common triad shared by HUS and TTP?,"Thrombocytopenia, microangiopathic hemolytic anemia, and acute kidney injury (AKI), with decreased Hb, schistocytes on peripheral smear, increased LDH, and normal PT/aPTT"
Hematology,Part-22,Miscellaneous,What is the classic clinical clue that distinguishes TTP from HUS?,TTP presents with the triad plus fever and neurologic symptoms; HUS presents with the triad plus bloody diarrhea
Hematology,Part-22,Miscellaneous,What is the underlying pathology of TTP?,"Deficiency of the ADAMTS13 enzyme, leading to accumulation of ultra-large vWF multimers"
Hematology,Part-22,Miscellaneous,What is the underlying pathology of typical HUS and atypical HUS?,Typical HUS is caused by Shiga toxin-producing bacteria (e.g. E. coli O157:H7) that damage endothelial cells; atypical HUS is due to mutations in complement regulatory proteins
Hematology,Part-22,Miscellaneous,What is the treatment for TTP versus HUS?,"TTP: plasma exchange, steroids, and rituximab; HUS: supportive care only"
Hematology,Part-22,Miscellaneous,What does Thromboelastography (TEG) assess?,"All steps of the coagulation process, from clot formation to fibrinolysis"
Hematology,Part-22,Miscellaneous,"What does the TEG R time (Reaction time) reflect, its normal range, and its treatment if abnormal?",Reflects coagulation factor activity and fibrinogen (equivalent to Clotting Time/CT in ROTEM); normal range 5–10 minutes; treated with FFP/Cryoprecipitate if abnormal
Hematology,Part-22,Miscellaneous,"What does the TEG K time reflect, its normal range, and its treatment if abnormal?",Reflects clot formation via fibrinogen function (equivalent to Clot Formation Time/CFT in ROTEM); normal range 1–5 minutes; treated with FFP/Cryoprecipitate if abnormal
Hematology,Part-22,Miscellaneous,"What does the TEG alpha (α) angle reflect, its normal range, and its treatment if abnormal?",Reflects the rate of clot strengthening via fibrinogen; normal range 45–75°; treated with FFP/Cryoprecipitate if abnormal
Hematology,Part-22,Miscellaneous,"What does the TEG Maximum Amplitude (MA) reflect, its normal range, and its treatment if abnormal?",Reflects platelet function and clot strength (equivalent to Maximum Clot Firmness/MCF in ROTEM); normal range 50–75 mm; treated with platelet transfusion (or DDAVP) if abnormal
Hematology,Part-22,Miscellaneous,"What does the TEG LY30 reflect, its normal range, and its treatment if abnormal?","Reflects clot breakdown/fibrinolysis (equivalent to Clot Lysis/CL in ROTEM), measured as degradation of clot 30 minutes after MA; normal range 0–10%; treated with tranexamic acid or other antifibrinolytics (e.g. Amicar) if abnormal"
Hematology,Part-22,Miscellaneous,"In a tumor lysis syndrome cascade, what clinical effects result from increased potassium?",Muscle weakness and arrhythmias/ECG changes
Hematology,Part-22,Miscellaneous,"In tumor lysis syndrome, what happens to calcium as phosphate rises, and what does increased uric acid cause?","Increased phosphate binds calcium, causing decreased calcium; increased uric acid contributes to acute kidney injury (urate nephropathy)"
Hematology,Part-22,Miscellaneous,What is the treatment for tumor lysis syndrome and what should be avoided?,IV fluids plus Allopurinol or Rasburicase; excessive alkalinization should be avoided
Hematology,Part-22,Miscellaneous,What is a key treatment option for SVC syndrome due to malignancy?,"SVC stent placement, along with dexamethasone and palliative radiotherapy (RT)"
Hematology,Part-22,Miscellaneous,How is acute back pain due to bone metastases (concerning for cord compression) managed?,Dexamethasone and palliative radiotherapy (RT)
Hematology,Part-22,Miscellaneous,"In the Neubauer chamber, what area is counted for WBCs and what is the multiplication factor?",4 large corner squares are counted; multiplication factor is ×50
Hematology,Part-22,Miscellaneous,"In the Neubauer chamber, what area is counted for RBCs and what is the multiplication factor?",5 small squares in the central large square are counted; multiplication factor is ×10⁴
Hematology,Part-22,Miscellaneous,"In the Neubauer chamber, what area is counted for platelets and what is the multiplication factor?",The entire central large square is counted; multiplication factor is ×2000
Hematology,Part-22,Miscellaneous,What is the RBC pipette used for and what is its dilution ratio?,"Used for RBC and platelet counting, with a dilution of 1:200"
Hematology,Part-22,Miscellaneous,What is the WBC pipette used for and what is its dilution ratio?,"Used for WBC counting, with a dilution of 1:20"
Hematology,Part-22,Miscellaneous,What diluting fluid is used for platelet counting in the Neubauer chamber?,Rees-Ecker fluid
Hematology,Part-22,Miscellaneous,What is Sahli's Hemoglobinometer method and how does it estimate hemoglobin?,"RBC/WBC pipettes are not used; blood is mixed with N/10 HCl to form acid hematin, and the resulting color is compared with a standard to estimate hemoglobin"
Hematology,Part-22,Miscellaneous,How does the Wintrobe method's tube design differ from the Westergren method for ESR?,Wintrobe tube is closed at the bottom and open at the top; Westergren tube is open at both ends
Hematology,Part-22,Miscellaneous,What is the tube length and anticoagulant used in the Wintrobe ESR method?,Tube length is 11 cm; uses EDTA-anticoagulated blood
Hematology,Part-22,Miscellaneous,What is the tube length and anticoagulant used in the Westergren ESR method?,Tube length is 30 cm; uses sodium citrate as anticoagulant
Hematology,Part-22,Miscellaneous,"Which ESR method is more sensitive, Wintrobe or Westergren?",Westergren is more sensitive; Wintrobe is less sensitive
Hematology,Part-22,Miscellaneous,What are the normal ESR values (1st hour) by Westergren method for males and females?,Males: 0–5 mm/1st hour; Females: 0–7 mm/1st hour
Hematology,Part-22,Miscellaneous,What are the normal ESR values (1st hour) by Wintrobe method for males and females?,Males: 0–9 mm/1st hour; Females: 0–20 mm/1st hour
Hematology,Part-22,Miscellaneous,"What is the additive, number of inversions, and use of a Blue-top vacutainer?","Sodium citrate 3.2%, 3 inversions; used for coagulation studies (PT, aPTT, D-Dimer) and ESR by Westergren method"
Hematology,Part-22,Miscellaneous,"What is the additive, number of inversions, and use of a Black-top vacutainer?","Sodium citrate 3.8%, 3 inversions; used for automated ESR estimation"
Hematology,Part-22,Miscellaneous,"What is the additive, number of inversions, and use of Gold/Red-top vacutainers?","Silica gel, 5 inversions; used for serum analysis"
Hematology,Part-22,Miscellaneous,"What is the additive, number of inversions, and use of a Light Green-top vacutainer?","Lithium heparin, 8 inversions; used for plasma assays (e.g. ABG, osmotic fragility test) — mnemonic: Lithium-Light"
Hematology,Part-22,Miscellaneous,"What is the additive, number of inversions, and use of a Green-top vacutainer?","Sodium heparin, 8 inversions; used for plasma assays"
Hematology,Part-22,Miscellaneous,"What is the additive, number of inversions, and use of a Lavender-top vacutainer?","EDTA, 8 inversions; used for CBC, HbA1c, and ESR by Wintrobe method"
Hematology,Part-22,Miscellaneous,"What is the additive, number of inversions, and use of a Pink-top vacutainer?","EDTA, 8 inversions; used in the blood bank for cross-matching"
Hematology,Part-22,Miscellaneous,"What is the additive, number of inversions, and use of a Royal Blue-top vacutainer?","EDTA, 8 inversions; used for rare elements analysis (e.g. arsenic, copper)"
Hematology,Part-22,Miscellaneous,"What are the additives, number of inversions, and use of a Gray-top vacutainer?","Sodium fluoride (NaF, inhibits enolase) and potassium oxalate, 8 inversions; used for blood glucose/alcohol estimation and postmortem sampling"